"Date is the CalLite-CV date column, the next column with the name of a CalLite-CV element is the LocalInflow data from the CT_noCC run for the CalLite-CV element from which we're going to be deriving these DSM stream flow time series in cfs (I couldn't find an output file in the Basin Study documentation for this like I did for the Outflow data in the master csv but spot checks indicated that the GoldSim model file I'm pulling these from have identical data to those outputs), CSDate is for my reference to avoid screwing up the 10/2014=10/1925 matching and shouldn't be needed for you, and the CalSim II records corresponding to the local inflows to the CalLite-CV element are listed afterward (in TAF/month, NOT cfs - I can do that conversion if it's more convenient but I'm hoping it'll be trivial for you... in any case we're not trying to do mass balance here, just multiplying by the fractions of the CalSim II totals, so as long as CalSim II is internally consistent wrt units it should be fine, right?). 'matches for other csvs.csv' contains the mappings between the DSM streams and CalSim II elements, as a one-stop summary for which DSM streams are showing up in which specific .csvs like this one. I renamed the CalSim II elements that map to DSM streams in this csv; everything that still has a CalSim II name is one of the elements that contributes to the total (the denominator) but is NOT a DSM stream. The CalSim II run I'm using at the moment is the most recent representation of current operations I've received; probably we'll be choosing a different baseline in the future but the matches csv mentioned above contains the CalSim II match for DSM streams, so I can go back and re-pull those time series if/when necessary. C17603 is Sites Reservoir outflows into the Sacramento in this region; it's zeroed out in the run I'm using but that should be re-checked if a different run is used. NOTE that matching 2014 to 1925 results in the last ~7 years of the CalLite-CV run not having an equivalent CS2 number...",,,,,,,,,,,,
Date,WilkinsSlough,CSDate,Elder Creek,Thomes Creek,Antelope Creek,Mill Creek,Deer Creek,Big Chico Creek,Stony Creek,C184A,I118,I123
10/1/2014 0:00,189.9,31-Oct-25,13.8,29.5,32.6,79.5,84.4,19.3,128,93.4,0,4.300000191
11/1/2014 0:00,288.7,30-Nov-25,13.6,45.1,43.9,80.2,120.2,40.5,236,252.3,0,0
12/1/2014 0:00,586.6,31-Dec-25,35.7,114.6,84.9,135.1,149.3,63.9,25,430.6,0,5.300000191
1/1/2015 0:00,1392,31-Jan-26,66.2,139.8,185.2,267.1,209.1,87.1,225,663.3,0,39.09999847
2/1/2015 0:00,4068,28-Feb-26,357.8,1082.2,208.2,354.1,698.1,283.6,1676,0,188.1999969,101.5
3/1/2015 0:00,1148,31-Mar-26,117.7,363.6,77.9,174.4,255.9,86.9,26,374.1,0.5,4.199999809
4/1/2015 0:00,1529,30-Apr-26,100.4,514.4,214.9,437.5,751.5,224.2,18,1716,0,57.20000076
5/1/2015 0:00,1039,31-May-26,20.1,110.4,58.7,174.9,178.2,29.5,28,492.3,0,7.300000191
6/1/2015 0:00,551.1,30-Jun-26,5.5,26.5,28.2,120.6,91.1,13.3,12,759.4,0,13.5
7/1/2015 0:00,218.8,31-Jul-26,2,6,21.6,94.2,71.7,11.7,0,665.2,0,14.80000019
8/1/2015 0:00,276.5,31-Aug-26,0.6,1,20.3,67,67.6,11.4,0,551.9,0,4.599999905
9/1/2015 0:00,198.9,30-Sep-26,0.2,0.3,21.2,62.9,69.1,11.9,23,327.7,0,33.59999847
10/1/2015 0:00,181.3,31-Oct-26,3.6,7.7,33.6,82,87.1,19.9,0,10.3,0,8.100000381
11/1/2015 0:00,3467,30-Nov-26,111.4,370.7,187.2,341.7,512.3,172.4,11,1177,42.90000153,57.70000076
12/1/2015 0:00,3003,31-Dec-26,204.2,655,165.1,262.7,290.3,124.2,1360,1553,46.59999847,0
1/1/2016 0:00,3594,31-Jan-27,245.5,518,416.7,601,470.4,196.1,846,0,37.59999847,13.5
2/1/2016 0:00,12038,28-Feb-27,565.2,1709.3,417,709.2,1398.2,568.1,4197,0,730.2000122,90.59999847
3/1/2016 0:00,5352,31-Mar-27,314,970.3,183.6,410.8,603,204.7,16,0,116.1999969,98.90000153
4/1/2016 0:00,1486,30-Apr-27,163.7,838.9,207,421.4,723.7,215.9,18,0,115.9000015,212.6999969
5/1/2016 0:00,1397,31-May-27,86.9,476.8,142.8,425.2,433.2,71.7,17,515.1,0,37.79999924
6/1/2016 0:00,861.6,30-Jun-27,32,153.8,58.6,250.5,189.2,27.5,12,1116.4,0,13.30000019
7/1/2016 0:00,476.2,31-Jul-27,10.3,30.8,34.4,150,114.2,18.6,11,878.8,0,2.400000095
8/1/2016 0:00,561.3,31-Aug-27,5.1,8.4,28.6,94.5,95.4,16,12,563,0,0
9/1/2016 0:00,447.7,30-Sep-27,3.4,5,27.6,81.6,89.6,15.5,23,446,0,6
10/1/2016 0:00,416.3,31-Oct-27,3.2,6.9,37,90.3,95.9,21.9,14,44.4,0,4.099999905
11/1/2016 0:00,1478,30-Nov-27,127,422.4,120.1,219.2,328.7,110.6,213,694.3,0,8.199999809
12/1/2016 0:00,2260,31-Dec-27,68.2,218.8,120.7,192.2,212.3,90.9,226,1179.8,25,1.799999952
1/1/2017 0:00,1993,31-Jan-28,221.7,467.9,204.6,295.1,231,96.3,603,1077,0,14.69999981
2/1/2017 0:00,1955,29-Feb-28,274.5,830.1,137.4,233.6,460.5,187.1,603,0,128.8000031,78.59999847
3/1/2017 0:00,4098,31-Mar-28,393.9,1217.1,380.2,851,1249,423.9,1098,0,312.2000122,110.5999985
4/1/2017 0:00,2105,30-Apr-28,129.2,662.1,148.2,301.7,518.2,154.6,18,2532.6,50.29999924,101.5999985
5/1/2017 0:00,1394,31-May-28,39.8,218.1,88.6,264,268.9,44.5,28,602.5,0,43.70000076
6/1/2017 0:00,768.8,30-Jun-28,21.7,104.4,46.2,197.5,149.2,21.7,12,944.9,0,15.39999962
7/1/2017 0:00,477.4,31-Jul-28,4.9,14.5,28.9,126,95.9,15.6,0,1145.1,0,21.20000076
8/1/2017 0:00,584.7,31-Aug-28,0.3,0.5,27.5,90.8,91.6,15.4,0,536,0,8.5
9/1/2017 0:00,507.2,30-Sep-28,0.4,0.6,26.6,78.7,86.3,14.9,23,382.8,0,26.20000076
10/1/2017 0:00,343.9,31-Oct-28,1,2.1,37.9,92.3,91,20.8,0,0,0,0
11/1/2017 0:00,1238,30-Nov-28,0.9,3.1,74,135.1,125.8,42.3,11,169.8,0,0
12/1/2017 0:00,1066,31-Dec-28,48.5,155.5,89.6,142.7,148.1,63.4,10,724,2.5,0
1/1/2018 0:00,1131,31-Jan-29,56.7,119.6,79.5,114.7,114.5,47.7,10,245.3,0,20.29999924
2/1/2018 0:00,1560,28-Feb-29,57.2,173.1,120,204,252.1,102.4,28,774.9,41.5,7.800000191
3/1/2018 0:00,936.1,31-Mar-29,42.9,132.6,78.6,175.9,206.4,70.1,20,597.5,9,3.900000095
4/1/2018 0:00,1018,30-Apr-29,25.4,130.2,99.6,202.7,205.4,61.3,18,1256.3,7.099999905,10.80000019
5/1/2018 0:00,848.7,31-May-29,25.5,139.7,88.8,264.6,152.2,25.2,17,566.9,0,38.79999924
6/1/2018 0:00,464.3,30-Jun-29,8.1,38.8,39.1,167.1,108.4,15.8,0,812.6,0,20.79999924
7/1/2018 0:00,483.9,31-Jul-29,0.3,1,22,95.8,72,11.7,0,468.8,0,14.89999962
8/1/2018 0:00,410.1,31-Aug-29,0.1,0.1,23.3,77,65.1,10.9,0,337.7,0,4.099999905
9/1/2018 0:00,362.8,30-Sep-29,0,0,24.4,72.1,65.9,11.4,12,281.7,0,16.10000038
10/1/2018 0:00,252.4,31-Oct-29,0,0,30.5,74.4,70,16,0,0,0,0
11/1/2018 0:00,272.2,30-Nov-29,0.9,3,40.3,73.5,69.7,23.5,11,15.6,0,27.60000038
12/1/2018 0:00,2226,31-Dec-29,177,567.8,319.6,508.7,646,276.5,10,1270.8,106.4000015,0
1/1/2019 0:00,3604,31-Jan-30,121.7,256.9,250.2,360.8,416.9,173.8,10,1148.8,18.29999924,22.60000038
2/1/2019 0:00,3461,28-Feb-30,176.1,532.7,204.9,348.5,505.8,205.5,28,900.1,98.19999695,61.40000153
3/1/2019 0:00,2160,31-Mar-30,156.3,483.1,189.6,424.4,642,217.9,25,1366.6,105.1999969,82.5
4/1/2019 0:00,1129,30-Apr-30,64.1,328.3,184.6,375.8,452.4,135,30,1090.9,0,31
5/1/2019 0:00,1160,31-May-30,21.2,116.3,104.7,311.7,292.2,48.4,28,617.1,0,35.09999847
6/1/2019 0:00,567.2,30-Jun-30,7.7,37.2,51.2,219,127.7,18.6,12,1070.8,0,7.199999809
7/1/2019 0:00,533.9,31-Jul-30,1.7,5.1,26.8,116.8,88,14.3,0,722.8,0,1.5
8/1/2019 0:00,470.1,31-Aug-30,0,0,27.1,89.4,78,13.1,0,468.1,0,0
9/1/2019 0:00,355.2,30-Sep-30,0,0,31.4,92.9,81.5,14.1,23,386,0,7.300000191
10/1/2019 0:00,317.4,31-Oct-30,1.2,2.7,35.9,87.5,81.2,24.8,0,0,0,5.099999905
11/1/2019 0:00,336.9,30-Nov-30,5.7,18.9,50.9,92.9,91.3,27,11,18.1,0,0
12/1/2019 0:00,313.7,31-Dec-30,6,19.2,56.8,90.4,87.2,26,10,196.8,0,0
1/1/2020 0:00,1425,31-Jan-31,93.6,197.5,120.3,173.6,157.3,60.4,10,495.4,15.69999981,26.20000076
2/1/2020 0:00,1186,28-Feb-31,57.5,174,84.8,144.2,150.6,54.1,28,535.4,12.30000019,0
3/1/2020 0:00,795.2,31-Mar-31,87.2,269.5,94.7,211.9,257.3,76.3,9,258.9,13.60000038,0
4/1/2020 0:00,907.4,30-Apr-31,21.6,110.7,80.9,164.8,129,28.6,4,977.7,0,0
5/1/2020 0:00,914.6,31-May-31,9.4,51.8,53.7,160,92.8,23.3,0,335.6,0,0
6/1/2020 0:00,1170,30-Jun-31,4.6,22.3,21.5,92,72.2,20.6,0,715.2,0,0
7/1/2020 0:00,738.9,31-Jul-31,0.8,2.3,15.1,65.8,59.1,15,0,478,0,0
8/1/2020 0:00,224.5,31-Aug-31,0,0,18,59.5,56.4,14.4,0,265,0,0
9/1/2020 0:00,-95.44,30-Sep-31,0,0,21.4,63.4,58.4,15.6,0,260.5,0,9
10/1/2020 0:00,-53.26,31-Oct-31,8.2,17.4,36,87.9,76.4,20.8,3,0,0,0
11/1/2020 0:00,158.7,30-Nov-31,10,33.3,49.7,90.7,86,32.6,11,13.6,0.899999976,0
12/1/2020 0:00,2121,31-Dec-31,44.7,143.3,236.2,376,456.5,311,10,1433.5,65.59999847,27.29999924
1/1/2021 0:00,2990,31-Jan-32,116.5,245.8,137.3,198,229.8,145.5,70,1020.4,9.399999619,29.39999962
2/1/2021 0:00,1541,29-Feb-32,72.3,218.7,99.8,169.7,206.5,129,28,684.8,15.19999981,22.70000076
3/1/2021 0:00,620.7,31-Mar-32,171.7,530.6,126.8,283.7,338.2,97.1,11,469.7,33.29999924,52.40000153
4/1/2021 0:00,683.8,30-Apr-32,54.9,281.4,169.8,345.7,427.8,112.3,18,1079.3,0,30.60000038
5/1/2021 0:00,555,31-May-32,50.8,278.9,143.9,428.5,431.5,88.1,17,443.8,0,22.20000076
6/1/2021 0:00,702.7,30-Jun-32,18,86.6,64.7,276.8,160.1,40.1,12,601.1,0,55.20000076
7/1/2021 0:00,375.3,31-Jul-32,3.5,10.4,26.8,116.9,88.6,21,0,457.3,0,21.70000076
8/1/2021 0:00,107.4,31-Aug-32,0.3,0.5,24.3,80.3,74.2,17.8,0,245.1,0,11.39999962
9/1/2021 0:00,-11.91,30-Sep-32,0,0,25.3,75,71.7,17.5,12,95.9,0,22.60000038
10/1/2021 0:00,-325.6,31-Oct-32,0,0,31.5,77,72.7,18.3,0,0,0,0.5
11/1/2021 0:00,-190.3,30-Nov-32,0.8,2.8,45,82,80.8,21.7,11,19.2,1.700000048,0
12/1/2021 0:00,153.4,31-Dec-32,4.4,14.1,57.9,92.2,100.5,25.8,10,229.7,1.299999952,0
1/1/2022 0:00,753.4,31-Jan-33,18.7,39.4,94,135.6,138.5,51.1,10,654.1,16,29
2/1/2022 0:00,828.9,28-Feb-33,19.8,59.8,74.5,126.7,146.5,68.3,28,578.6,3.599999905,0
3/1/2022 0:00,991.2,31-Mar-33,96.6,298.6,102.8,230,342.6,243.6,13,511.5,54.09999847,29.79999924
4/1/2022 0:00,361,30-Apr-33,88.7,454.5,122.8,249.9,283.4,85.1,30,1439.4,7.699999809,43.70000076
5/1/2022 0:00,201.1,31-May-33,61.3,336.1,87.7,261.2,263.2,73.8,17,413.9,0,0
6/1/2022 0:00,61.14,30-Jun-33,42.6,204.9,62.9,269.3,144.5,26.1,12,745.4,0,27
7/1/2022 0:00,-184,31-Jul-33,8,23.7,24.3,106,78.3,18,0,478,0,11.60000038
8/1/2022 0:00,-413.2,31-Aug-33,1,1.6,21.6,71.4,69.8,16.1,0,265,0,0.5
9/1/2022 0:00,-476.3,30-Sep-33,0,0.1,23.9,70.7,70.5,17,12,53.9,0,19
10/1/2022 0:00,-434,31-Oct-33,1,2.1,32.3,78.8,77.7,20.5,2,0,0,0
11/1/2022 0:00,-329.2,30-Nov-33,3.1,10.3,43.7,79.8,79.6,21.1,11,11.5,0,0
12/1/2022 0:00,1130,31-Dec-33,42.7,137.1,159.3,253.6,356.5,157.3,10,1041,33.29999924,27.89999962
1/1/2023 0:00,909.2,31-Jan-34,120.6,254.4,155,223.6,295.4,135.7,10,1090.8,31.79999924,11.30000019
2/1/2023 0:00,1174,28-Feb-34,86.4,261.4,174.6,296.9,362.2,211.7,28,770.5,68.80000305,44.70000076
3/1/2023 0:00,445.2,31-Mar-34,95.1,293.9,128.2,287,273.7,83,15,468.1,27.89999962,25
4/1/2023 0:00,111.2,30-Apr-34,30.2,155,124.4,253.2,181.2,44.6,30,1276.3,0,10
5/1/2023 0:00,53.23,31-May-34,13.3,73.2,55.5,165.2,108.8,29.4,17,415.6,0,1.200000048
6/1/2023 0:00,227.1,30-Jun-34,4.8,22.9,25.4,108.6,81.8,22.7,0,599.4,0,11.69999981
7/1/2023 0:00,-374.6,31-Jul-34,1.4,4.1,16.6,72.4,66.7,16.3,0,486.6,0,14
8/1/2023 0:00,-432.9,31-Aug-34,0,0,19.8,65.4,58.4,16.9,0,265,0,1.700000048
9/1/2023 0:00,-458.8,30-Sep-34,0,0,22.3,66.2,60,19.4,12,277.4,0,5.5
10/1/2023 0:00,-543.8,31-Oct-34,4.6,9.8,30.4,74.1,67.3,19.9,6,0,0,0
11/1/2023 0:00,341.6,30-Nov-34,44.2,147,100.8,184,171.1,67.6,10,269,0,5.300000191
12/1/2023 0:00,502.9,31-Dec-34,35.2,112.7,97.7,155.4,139.1,59,10,446.4,12.30000019,14.89999962
1/1/2024 0:00,2240,31-Jan-35,110.6,233.3,306.3,441.8,511.5,311,10,0,70.90000153,36.40000153
2/1/2024 0:00,2016,28-Feb-35,128.2,387.7,154.7,263.1,321.8,177.1,28,729,69.30000305,21.79999924
3/1/2024 0:00,2082,31-Mar-35,96.1,296.8,155,346.9,527,347.7,25,2152.1,62.09999847,117.5999985
4/1/2024 0:00,2322,30-Apr-35,173.9,891.5,354.9,722.6,1124.9,510.1,536,0,193.5,366.2000122
5/1/2024 0:00,1167,31-May-35,63.4,348.1,181.4,540.4,593.8,98.5,28,702.2,0,62.59999847
6/1/2024 0:00,-94.85,30-Jun-35,14.9,71.7,81,346.5,196.4,36.7,12,779.2,0,29
7/1/2024 0:00,-325.8,31-Jul-35,3.6,10.8,33.3,145.5,102.9,26.8,11,760.6,0,8
8/1/2024 0:00,-317.1,31-Aug-35,0.7,1.2,27.4,90.5,81.4,23.1,0,469.1,0,0
9/1/2024 0:00,-354.2,30-Sep-35,0.4,0.6,26.5,78.6,75.9,22,23,319.5,0,23.60000038
10/1/2024 0:00,-6.835,31-Oct-35,2.8,5.9,35.7,87,86.9,24.8,14,27.8,0,5.099999905
11/1/2024 0:00,-248.2,30-Nov-35,3.4,11.3,46.4,84.7,88.6,25.6,11,138.5,0,0
12/1/2024 0:00,192.9,31-Dec-35,9,29,69.9,111.2,112.8,40,12,307.2,0,12.30000019
1/1/2025 0:00,4867,31-Jan-36,449.3,948,353.3,509.5,644.1,395.3,917,0,102.1999969,0
2/1/2025 0:00,8655,29-Feb-36,330.3,998.9,380.6,647.3,967.8,685.5,2253,0,193.3000031,166.3999939
3/1/2025 0:00,2592,31-Mar-36,154.1,476.4,129.3,289.3,387.1,123.9,24,960.9,3.400000095,43.90000153
4/1/2025 0:00,983.2,30-Apr-36,72.9,373.6,211.6,430.9,500.8,190.7,30,1563.8,0,54.29999924
5/1/2025 0:00,740.8,31-May-36,29,159.4,130.4,388.4,250.6,50.2,28,445.6,0,26.20000076
6/1/2025 0:00,492.3,30-Jun-36,15.5,74.3,68.4,292.7,168.1,47.1,12,911.8,0,34.90000153
7/1/2025 0:00,176.5,31-Jul-36,4.2,12.7,35.4,154.2,100.2,25.7,0,658.2,0,16.39999962
8/1/2025 0:00,-8.674,31-Aug-36,1.1,1.8,28.5,94.1,81.5,22.1,0,365.3,0,5.400000095
9/1/2025 0:00,-50.28,30-Sep-36,0.6,0.9,30.1,89.2,81.4,21.2,23,321.2,0,25.29999924
10/1/2025 0:00,-97.78,31-Oct-36,0.4,0.8,34.1,83.1,82.7,20.9,0,0,0,6.599999905
11/1/2025 0:00,-47.29,30-Nov-36,1,3.2,46,84,83.9,23.1,11,168.1,0,0
12/1/2025 0:00,96.62,31-Dec-36,2.2,6.9,56.3,89.6,92.9,27,10,322.2,0,0.400000006
1/1/2026 0:00,462.8,31-Jan-37,5.9,12.3,71,102.4,107.9,35.5,10,433,16,25.39999962
2/1/2026 0:00,2787,28-Feb-37,29.3,88.6,201.8,343.2,414.3,222.9,28,2836.6,50.79999924,43
3/1/2026 0:00,5263,31-Mar-37,132.3,408.8,187.5,419.6,618.7,424.8,288,0,101.6999969,49.59999847
4/1/2026 0:00,2035,30-Apr-37,138.9,712,213.5,434.7,636.6,305.3,30,1825.9,41.79999924,120.6999969
5/1/2026 0:00,980.2,31-May-37,86.7,475.5,172.2,512.8,425.6,87.2,28,484,0,56.40000153
6/1/2026 0:00,494.8,30-Jun-37,26,125.1,67,286.6,156,41.6,12,916.1,0,22.10000038
7/1/2026 0:00,338.6,31-Jul-37,6.5,19.4,27.4,119.5,92.5,24.9,11,640.7,0,11
8/1/2026 0:00,48.94,31-Aug-37,1.3,2.1,25,82.6,76,20.9,0,352.4,0,0
9/1/2026 0:00,32.87,30-Sep-37,0.2,0.3,26.7,79,74.4,20.1,23,231.2,0,20.5
10/1/2026 0:00,359.3,31-Oct-37,4,8.6,47,114.6,104.8,28.4,12,46.1,0,18.60000038
11/1/2026 0:00,2941,30-Nov-37,210.3,699.8,269.9,492.6,479.5,194.1,537,0,81.5,104.3000031
12/1/2026 0:00,6162,31-Dec-37,340.3,1091.7,678.4,1079.9,1272.3,505.5,2271,0,223,0
1/1/2027 0:00,4115,31-Jan-38,127.8,269.6,239.5,345.4,438.1,183.7,719,2880.6,29,22.70000076
2/1/2027 0:00,12759,28-Feb-38,240,725.7,590.6,1004.4,1798.3,1268.1,3412,0,539,70.80000305
3/1/2027 0:00,12633,31-Mar-38,520.1,1607.2,464.7,1040.1,1759.1,1118.5,3293,0,1165.900024,0
4/1/2027 0:00,3982,30-Apr-38,300,1537.6,341.8,695.8,892.6,376.9,116,0,73.80000305,299.3999939
5/1/2027 0:00,2737,31-May-38,219.2,1202.6,318.4,948.5,808,178.2,566,0,162.8999939,116.4000015
6/1/2027 0:00,1086,30-Jun-38,72.8,350,160.2,685.2,451.7,63.5,12,1166.5,0,68
7/1/2027 0:00,607,31-Jul-38,16.4,48.7,70.7,308.6,231.9,40.2,11,939.1,0,17.10000038
8/1/2027 0:00,643.4,31-Aug-38,7.2,11.9,49.2,162.4,142.1,31.3,12,463.2,0,0
9/1/2027 0:00,592.6,30-Sep-38,6.5,9.5,46,136.1,124.9,29.7,23,0,0,29.89999962
10/1/2027 0:00,520.6,31-Oct-38,6.8,14.4,55.2,134.7,129.8,33.2,260,21.6,0,22.70000076
11/1/2027 0:00,512,30-Nov-38,9.9,32.8,76.2,139.1,136.3,36,293,227.9,0,6.400000095
12/1/2027 0:00,642.3,31-Dec-38,46.9,150.5,100.4,159.9,169.8,51.5,37,366.7,0,10.19999981
1/1/2028 0:00,825.9,31-Jan-39,39.7,83.7,94.3,136,150,51.8,10,211.4,0,25.20000076
2/1/2028 0:00,1108,28-Feb-39,36.3,109.9,85.9,146.1,155.2,68.4,26,505.7,0,64.09999847
3/1/2028 0:00,888.2,31-Mar-39,113.1,349.6,124.7,279.2,329.7,132.6,0,258,0,29.79999924
4/1/2028 0:00,884.9,30-Apr-39,34.5,177,136.9,278.7,221.5,44.1,18,999.2,0,75
5/1/2028 0:00,688.4,31-May-39,16.7,91.7,65,193.5,135.6,34.5,17,410.9,0,0
6/1/2028 0:00,534.7,30-Jun-39,6.4,30.9,28.1,120.2,96,23,12,600.4,0,4.300000191
7/1/2028 0:00,355.1,31-Jul-39,1.9,5.6,19.7,86,79.7,19.2,0,478,0,5.099999905
8/1/2028 0:00,248.7,31-Aug-39,0.2,0.3,22.9,75.6,74.8,18,0,265,0,0
9/1/2028 0:00,320.9,30-Sep-39,0.1,0.1,26.8,79.5,77.3,18.8,12,493.2,0,18.79999924
10/1/2028 0:00,129.3,31-Oct-39,1,2.2,37.9,92.4,88.6,22.6,1,0,0,1.5
11/1/2028 0:00,132.3,30-Nov-39,1,3.4,48.4,88.2,85.4,23.2,11,45.9,0,1.600000024
12/1/2028 0:00,795.2,31-Dec-39,52.1,167.1,109.3,174.1,162.2,51.7,10,270.1,0,33.29999924
1/1/2029 0:00,5225,31-Jan-40,390.7,824.4,484.4,698.6,764.5,539,62,0,152.6999969,0
2/1/2029 0:00,14856,29-Feb-40,566.5,1713.1,676.4,1150.3,1881.1,902.4,3955,0,0,0
3/1/2029 0:00,7362,31-Mar-40,364.2,1125.4,406.8,910.5,1406,648.9,1045,0,246.8999939,131.6999969
4/1/2029 0:00,2367,30-Apr-40,125.4,642.6,255,519.1,811.3,287.7,18,0,417.7999878,224.1000061
5/1/2029 0:00,1712,31-May-40,46.4,254.6,146.4,436.1,282.1,63.8,28,387.5,0,9.199999809
6/1/2029 0:00,798.5,30-Jun-40,14.6,70.1,72.6,310.7,158.6,37.3,12,1205.7,0,6.900000095
7/1/2029 0:00,745.2,31-Jul-40,3.3,9.9,34.2,149.4,117.4,27.3,0,669.4,0,0
8/1/2029 0:00,418.3,31-Aug-40,1.8,2.9,31.8,105.1,100.6,22.8,0,459.6,0,0
9/1/2029 0:00,387.7,30-Sep-40,2.9,4.2,37.7,111.7,105.9,24,23,477.1,0,21.10000038
10/1/2029 0:00,607.6,31-Oct-40,6.5,13.8,45,125.9,121,28.8,11,0,0,0
11/1/2029 0:00,677.6,30-Nov-40,15,49.8,62.8,161.2,154.6,45.4,11,367.2,0,0
12/1/2029 0:00,6792,31-Dec-40,264,846.8,469.9,663.5,890.3,585.8,1479,0,218.6000061,0
1/1/2030 0:00,11940,31-Jan-41,441.3,931.2,522.3,634.4,992.6,759.8,4431,0,968.4000244,37.40000153
2/1/2030 0:00,13606,28-Feb-41,548.8,1659.8,888.9,1185.1,1594,799.3,4706,0,673.2999878,0
3/1/2030 0:00,6013,31-Mar-41,534.8,1652.7,507.2,725.7,1153.7,556.3,2817,0,696,0
4/1/2030 0:00,4162,30-Apr-41,252.4,1293.6,566.1,770.9,1239.3,639.8,1648,0,855.7000122,73
5/1/2030 0:00,4376,31-May-41,161.7,887.2,269.2,687.8,739.9,136.6,702,0,101.1999969,0
6/1/2030 0:00,2443,30-Jun-41,71.3,342.9,90.6,496.8,299.9,61.9,12,1258,0,53.5
7/1/2030 0:00,1369,31-Jul-41,28.2,84.1,53.7,331.4,182.9,40.2,11,892.4,0,4.699999809
8/1/2030 0:00,1095,31-Aug-41,13.3,22,47,178.7,154,33.4,12,397.8,0,0
9/1/2030 0:00,1006,30-Sep-41,10.1,14.8,43.2,144.6,139.2,32.2,23,156.4,0,0
10/1/2030 0:00,1012,31-Oct-41,6.9,14.7,43.8,132,140.6,31.4,207,0,0,0
11/1/2030 0:00,867.1,30-Nov-41,14.7,48.9,63.1,177.8,169.6,44.5,260,297.2,0,6.300000191
12/1/2030 0:00,6171,31-Dec-41,308.5,989.4,452.7,929.5,1047.5,545.2,1391,0,170.5,0
1/1/2031 0:00,8962,31-Jan-42,459.5,969.7,485,756.9,1153.7,644.6,2458,0,294.1000061,0
2/1/2031 0:00,8524,28-Feb-42,386.3,1168.3,724.7,926.9,1495.2,899,2912,0,759.7999878,169.8000031
3/1/2031 0:00,3636,31-Mar-42,125.6,388,143.9,309.9,381.2,124.4,23,1329.2,0,129.1000061
4/1/2031 0:00,3297,30-Apr-42,128.1,656.4,406,671.2,1013.7,400.5,674,2444.4,0,91.09999847
5/1/2031 0:00,4689,31-May-42,100.8,553.3,293,608.3,821.4,266.1,301,941.8,10.80000019,6.900000095
6/1/2031 0:00,2675,30-Jun-42,52.3,251.5,160.9,526.9,459.2,95.6,12,1094.8,0,93
7/1/2031 0:00,1492,31-Jul-42,16.2,48.2,64.8,313.1,211,44.5,11,920.6,0,14.89999962
8/1/2031 0:00,1266,31-Aug-42,7.2,11.9,54.9,160,163,36.4,12,396.1,0,0
9/1/2031 0:00,1159,30-Sep-42,5.1,7.5,51.8,133.9,147,32.7,23,320,0,0.300000012
10/1/2031 0:00,1116,31-Oct-42,3,6.4,46.4,117.1,127.2,28.6,77,0,0,14.19999981
11/1/2031 0:00,1336,30-Nov-42,42.5,141.5,53.1,159.9,186,48.5,240,330.1,0,8.199999809
12/1/2031 0:00,2582,31-Dec-42,134.3,430.8,117.2,269.1,287.2,98.3,583,1025.2,0,23.20000076
1/1/2032 0:00,11174,31-Jan-43,436.6,921.3,454.6,670.6,865.3,530.8,2470,0,372.2000122,0
2/1/2032 0:00,4333,28-Feb-43,187.1,565.8,252.6,424.2,552.4,256.9,240,0,129.8000031,397.6000061
3/1/2032 0:00,3524,31-Mar-43,177.9,549.8,460.9,766.2,1123.8,367.3,25,0,94.90000153,193.1000061
4/1/2032 0:00,2711,30-Apr-43,66.9,342.8,314.3,605.6,829.9,171.6,18,1973.8,0,106.5
5/1/2032 0:00,2555,31-May-43,32.2,176.6,161.6,466.6,458.6,95.9,17,748.7,4.599999905,70.69999695
6/1/2032 0:00,1825,30-Jun-43,14.8,71,90,373.4,287.1,54.4,12,1081.6,0,50.5
7/1/2032 0:00,1398,31-Jul-43,5.4,16.1,52.8,208.1,167.8,32.5,11,743.8,0,15
8/1/2032 0:00,1166,31-Aug-43,2.3,3.8,44.5,132.4,135.1,30.1,0,412,0,3.900000095
9/1/2032 0:00,1186,30-Sep-43,1.2,1.7,42.6,115.7,121.2,26.1,23,0,0,20
10/1/2032 0:00,958.1,31-Oct-43,3.5,7.4,44.7,121.1,124.9,28.8,0,0,0,7.300000191
11/1/2032 0:00,890.6,30-Nov-43,5.4,17.9,48.6,124.5,129.7,33.6,11,301.9,0,0
12/1/2032 0:00,954.2,31-Dec-43,7.6,24.3,51.8,126,132.4,39,10,435.4,0,15.19999981
1/1/2033 0:00,1512,31-Jan-44,37.6,79.3,71,154.1,160.9,80.7,10,535.4,9.800000191,35.09999847
2/1/2033 0:00,2732,29-Feb-44,44.3,134.1,166.4,273.2,309.8,180.9,28,1626.1,64.59999847,145.1000061
3/1/2033 0:00,1865,31-Mar-44,87.7,271,139.7,314.7,399.4,239.6,12,614.2,44,83
4/1/2033 0:00,1674,30-Apr-44,41.3,211.6,73.7,286.3,335.5,104.1,30,1161.2,0,25.79999924
5/1/2033 0:00,1606,31-May-44,40.8,223.9,100.3,355.7,307.8,52.1,28,441.5,0,17
6/1/2033 0:00,1264,30-Jun-44,15.4,74.3,54.5,242.3,153.4,35.8,12,1167,0,31.10000038
7/1/2033 0:00,926.4,31-Jul-44,6.3,18.6,35.4,122.6,104.4,25.9,0,638.6,0,6.599999905
8/1/2033 0:00,1142,31-Aug-44,2.2,3.6,31.7,92.6,92.5,20.4,0,446.8,0,2.599999905
9/1/2033 0:00,732.4,30-Sep-44,0.1,0.2,31,86.5,89.4,16,12,207.3,0,40.29999924
10/1/2033 0:00,766.3,31-Oct-44,1.6,3.5,34.4,97.4,102.1,29.8,0,0,0,7.300000191
11/1/2033 0:00,1696,30-Nov-44,41.2,137.2,94.5,199.6,219.5,92.7,11,491.3,0,6.5
12/1/2033 0:00,2938,31-Dec-44,79.4,254.7,167.2,294.4,315.9,147.5,113,847.2,40.70000076,5.199999809
1/1/2034 0:00,1909,31-Jan-45,71.4,150.6,81.2,174.6,201.7,78.3,322,898.8,0,53.90000153
2/1/2034 0:00,2878,28-Feb-45,199.3,602.9,360.1,551.5,799.9,513.4,449,0,160.6999969,128.1999969
3/1/2034 0:00,3290,31-Mar-45,56.6,174.9,192.1,303.9,377.4,188.4,25,877.1,97.30000305,0
4/1/2034 0:00,1494,30-Apr-45,77.4,396.6,117.9,343,372.4,122.4,30,1609.1,22.20000076,53.59999847
5/1/2034 0:00,1787,31-May-45,39.8,218.2,118.5,427,350.2,69.7,17,414.7,0,10.19999981
6/1/2034 0:00,1450,30-Jun-45,16.4,78.8,68.8,310.4,193.7,44.7,12,1273.2,0,38.40000153
7/1/2034 0:00,985.8,31-Jul-45,4.5,13.5,40,179.7,118.5,26.7,0,912.5,0,10.5
8/1/2034 0:00,935.4,31-Aug-45,1.6,2.6,34.2,111.2,96.1,18.7,0,546.3,0,0
9/1/2034 0:00,1019,30-Sep-45,0.2,0.3,35,97.8,92.9,20,23,345.7,0,19.79999924
10/1/2034 0:00,1192,31-Oct-45,10.3,22,55.9,144.7,161.1,46.4,12,76.4,0,0
11/1/2034 0:00,2001,30-Nov-45,71.5,238,121.4,241.2,255.2,104,11,199.9,0,0
12/1/2034 0:00,8570,31-Dec-45,351.6,1127.6,612.7,820.8,1141.4,666.1,2111,0,368.1000061,0
1/1/2035 0:00,4985,31-Jan-46,300.5,634,220.2,360.6,460.8,207.1,1251,0,149.6999969,377.2999878
2/1/2035 0:00,2833,28-Feb-46,71.1,215,106.8,215.8,277.1,130.5,28,828.9,19.5,19.39999962
3/1/2035 0:00,1732,31-Mar-46,123.7,382.2,122,300.9,393.4,128.4,15,257.9,0,15.60000038
4/1/2035 0:00,1533,30-Apr-46,97.2,498,153.1,466.1,488.2,113.8,30,1374.4,0,59.20000076
5/1/2035 0:00,1291,31-May-46,49.7,272.6,121.4,489.7,328.7,48.5,17,452.5,0,28.60000038
6/1/2035 0:00,878.7,30-Jun-46,15,72.3,52.9,283.9,161.6,32.5,12,844.8,0,59.5
7/1/2035 0:00,961.6,31-Jul-46,4.9,14.5,40.8,161.3,128.2,27.1,0,1168.1,0,27.10000038
8/1/2035 0:00,975.7,31-Aug-46,1.4,2.3,38,108.9,109.4,22.6,0,452,0,10
9/1/2035 0:00,866.4,30-Sep-46,0.9,1.4,38.1,105.9,106.5,22.1,12,242.7,0,30.20000076
10/1/2035 0:00,626.9,31-Oct-46,1.5,3.2,36.2,99.4,103.8,25.2,0,0,0,0
11/1/2035 0:00,1047,30-Nov-46,26.3,87.4,70.5,181.5,194.1,64.7,11,45.6,0,0
12/1/2035 0:00,1760,31-Dec-46,34.9,111.8,122,225.8,247.5,89.1,10,875.9,43.59999847,33.40000153
1/1/2036 0:00,1381,31-Jan-47,17.2,36.2,41.2,113,119.6,30.4,10,239.6,0,16.10000038
2/1/2036 0:00,1962,28-Feb-47,105.2,318.1,149.5,313.7,397.7,181.3,28,839.7,48.20000076,12.10000038
3/1/2036 0:00,1933,31-Mar-47,141.8,438.1,129.6,319.5,387.2,173.8,25,329,9.899999619,22.79999924
4/1/2036 0:00,1715,30-Apr-47,40,204.8,145.2,333.4,365.4,157.3,30,1019,18.79999924,46.79999924
5/1/2036 0:00,1105,31-May-47,12.2,66.9,44.4,235.4,134.7,34.5,17,489.5,0,0
6/1/2036 0:00,808.7,30-Jun-47,9.7,46.7,41.9,183.9,121.4,27.6,0,989.4,0,37.40000153
7/1/2036 0:00,704.8,31-Jul-47,2,6,32.4,96.2,91.8,20.6,0,665.8,0,24.89999962
8/1/2036 0:00,598.2,31-Aug-47,0.5,0.8,30.1,87.4,84.4,21.1,0,443.5,0,15.80000019
9/1/2036 0:00,574.8,30-Sep-47,0,0.1,28.6,82.4,81.7,19.5,12,203.5,0,42.79999924
10/1/2036 0:00,1099,31-Oct-47,45.4,96.8,62.5,175.1,155.5,55.1,12,75.3,0,0
11/1/2036 0:00,900.7,30-Nov-47,17.6,58.4,89.3,175.8,162.2,53.6,11,204,13.10000038,11.19999981
12/1/2036 0:00,800.3,31-Dec-47,8.7,27.8,48.3,121,112.8,33.6,10,308.1,0,1.100000024
1/1/2037 0:00,1319,31-Jan-48,257.3,542.8,145.4,358.2,372.6,157,10,254.8,0,18.10000038
2/1/2037 0:00,1318,29-Feb-48,36.3,109.7,52.2,144,144.8,41.1,28,352.6,4.199999809,6.300000191
3/1/2037 0:00,2060,31-Mar-48,40.7,125.7,332.1,398.8,477.4,291.6,25,40,57.59999847,0
4/1/2037 0:00,3873,30-Apr-48,134.3,688.4,467.5,748.8,1146.6,505.7,30,0,55.59999847,0
5/1/2037 0:00,3336,31-May-48,91,499.6,262.6,599.2,795.2,224.5,17,343,45.20000076,121.3000031
6/1/2037 0:00,1834,30-Jun-48,41.9,201.6,225.1,602,448.4,96.4,0,1223.4,0,85
7/1/2037 0:00,700.5,31-Jul-48,10.1,30,53.8,244.6,155.9,38.1,0,892.7,0,35
8/1/2037 0:00,607.5,31-Aug-48,4.4,7.3,38.8,140.4,120.6,26.9,0,574.6,0,2.599999905
9/1/2037 0:00,493.4,30-Sep-48,6.5,9.6,37.3,116.5,107.4,23.7,12,254.4,0,39.90000153
10/1/2037 0:00,520.2,31-Oct-48,2.9,10.5,37.4,108,103.8,24,0,0,0,30.39999962
11/1/2037 0:00,547.8,30-Nov-48,5.9,68.2,43.9,132.9,124.1,31,11,18.6,0,8.600000381
12/1/2037 0:00,1208,31-Dec-48,19.2,121.1,56.3,132.7,136.6,51.7,10,464.2,0,15.10000038
1/1/2038 0:00,849.2,31-Jan-49,14.8,48.5,42.8,114.6,114,37.8,10,326,0,41.20000076
2/1/2038 0:00,1343,28-Feb-49,42.2,148.3,75,153.1,173.3,84.4,28,435.8,0,16.60000038
3/1/2038 0:00,4178,31-Mar-49,459.1,595.4,394.5,456,656.1,407.4,703,0,285.1000061,43.09999847
4/1/2038 0:00,1531,30-Apr-49,174.9,771.7,100.7,384.9,441.2,107.6,30,1053.8,0,71.80000305
5/1/2038 0:00,1190,31-May-49,65.3,297,85.4,341,240.3,42,17,418.2,0,32.79999924
6/1/2038 0:00,758.4,30-Jun-49,19,76.4,40.8,187.3,134.2,27.4,12,960.2,0,55.5
7/1/2038 0:00,599.4,31-Jul-49,4.8,11.1,28.1,101,90.9,21.3,11,795.1,0,34.70000076
8/1/2038 0:00,507.9,31-Aug-49,1.6,3.1,29,86.5,84,19.1,0,672.9,0,19.39999962
9/1/2038 0:00,450.7,30-Sep-49,0.7,1,28.8,82.7,80.2,19.7,23,622.9,0,44.90000153
10/1/2038 0:00,345.7,31-Oct-49,1.5,2.3,30.1,85.8,82.7,20.2,0,30.5,0,2
11/1/2038 0:00,494.3,30-Nov-49,5.2,17.6,34.6,96.9,95.3,25.2,11,421,0,15.5
12/1/2038 0:00,384.4,31-Dec-49,6,15.4,37.6,97.2,90.3,27.8,10,242.6,0,18.20000076
1/1/2039 0:00,1639,31-Jan-50,71.5,256.5,174.3,286.3,325.5,137.8,73,323.3,32,10.60000038
2/1/2039 0:00,4092,28-Feb-50,109.4,355.5,349.3,485.4,698.7,436.2,370,0,155.3000031,37.79999924
3/1/2039 0:00,3534,31-Mar-50,84,597.8,124.5,301.9,475.9,197.9,22,192,0,25.29999924
4/1/2039 0:00,1592,30-Apr-50,70.1,550.2,163.5,483.6,750.8,222.2,30,905.2,0,76
5/1/2039 0:00,1138,31-May-50,23.2,250.5,122.7,459.7,425.7,63.6,28,469.6,0,0
6/1/2039 0:00,741.8,30-Jun-50,7.2,64.5,54.9,302.2,189.4,33.4,12,1027.1,0,38.90000153
7/1/2039 0:00,553.2,31-Jul-50,0.8,7.4,31.8,167.4,112.3,24.2,0,842.7,0,14.19999981
8/1/2039 0:00,976.8,31-Aug-50,0,1.5,29.1,102.8,92.7,20.8,0,769.3,0,3.099999905
9/1/2039 0:00,467.9,30-Sep-50,0.3,1.1,28.1,93.2,91,20.2,23,935.6,0,35.90000153
10/1/2039 0:00,891.6,31-Oct-50,44.1,202.4,55.8,167,181.6,72.9,12,0,0,0
11/1/2039 0:00,2348,30-Nov-50,58.7,317.6,188.5,465.8,582.1,245.4,11,348.3,4.699999809,59.20000076
12/1/2039 0:00,4596,31-Dec-50,188.7,640.2,325.1,671.4,880.1,377.9,1577,0,169.8999939,48.29999924
1/1/2040 0:00,5977,31-Jan-51,204.4,725.7,337.2,496.6,726.2,403.9,1666,0,109.5,56.70000076
2/1/2040 0:00,4988,28-Feb-51,241.6,1040.1,315,607.6,934.5,449.9,893,0,93.40000153,19.70000076
3/1/2040 0:00,2449,31-Mar-51,84.4,311.7,113.5,318.6,550.2,258.4,7,261.2,15,107.9000015
4/1/2040 0:00,1272,30-Apr-51,57.2,291.8,116.5,458.7,580.6,95.2,30,893.8,0,43
5/1/2040 0:00,1178,31-May-51,77.4,267.2,122.3,466.5,506.6,110.8,28,672.7,0,54.59999847
6/1/2040 0:00,732.9,30-Jun-51,17.3,63.1,53.4,294.4,201.3,45.4,12,1015,0,43.70000076
7/1/2040 0:00,632.6,31-Jul-51,5,12.9,35.6,151.3,140.4,31.1,0,1314.9,0,10.89999962
8/1/2040 0:00,606.4,31-Aug-51,1.1,2.2,33,119,121.4,27.1,0,845.7,0,2.099999905
9/1/2040 0:00,565.4,30-Sep-51,0.7,1.3,34.7,106.6,112.4,25.5,23,896.7,0,45.29999924
10/1/2040 0:00,782.2,31-Oct-51,4.8,15.5,43.7,122.3,134.4,31.2,8,0,0,15
11/1/2040 0:00,1841,30-Nov-51,20.3,123.6,103.4,210.9,224.4,84.7,11,508.2,0,0
12/1/2040 0:00,5572,31-Dec-51,292,686.7,515,585.7,872.5,571,773,0,126,0
1/1/2041 0:00,12213,31-Jan-52,288.7,456.1,455.9,511.9,725.5,460.7,2591,0,414.7000122,329.2999878
2/1/2041 0:00,7009,29-Feb-52,318.8,1211,448.6,758,1173,750.8,1695,0,183.3999939,18.39999962
3/1/2041 0:00,4415,31-Mar-52,281.4,800.7,319.8,498.2,768,897.2,433,0,141.6000061,128.1999969
4/1/2041 0:00,1864,30-Apr-52,243.1,1248.9,278.3,722.1,1214,370.2,166,0,5.400000095,33.40000153
5/1/2041 0:00,1719,31-May-52,123,676.9,316,866.2,1138.5,180.3,303,627.7,0,66.40000153
6/1/2041 0:00,1421,30-Jun-52,40.5,187.4,138.5,569.4,484.4,64.7,12,840.2,0,64.5
7/1/2041 0:00,969.7,31-Jul-52,18.7,56.6,54.6,335.3,246.5,44.4,11,1024,0,25.70000076
8/1/2041 0:00,891,31-Aug-52,6.9,15.5,42.5,167.4,184.1,33.6,12,738.8,0,8.899999619
9/1/2041 0:00,913.2,30-Sep-52,3.9,7,40.2,137.5,145.1,29.8,23,772.7,0,73.5
10/1/2041 0:00,729.1,31-Oct-52,3.8,6.9,40.5,130.9,143.3,29.7,82,0,0,25.89999962
11/1/2041 0:00,935.3,30-Nov-52,21.5,23.3,45.3,134.5,148.4,36.1,211,79.7,0,12.89999962
12/1/2041 0:00,5756,31-Dec-52,353.7,331.2,390.6,440.8,603,304.3,1558,0,248.5,0
1/1/2042 0:00,13742,31-Jan-53,453,1723,522.3,1066.8,1527.6,834.8,3830,0,588.5999756,0
2/1/2042 0:00,2811,28-Feb-53,118.9,542.6,106.4,263.4,361.4,109.2,28,616.4,102.8000031,104
3/1/2042 0:00,1835,31-Mar-53,89.3,358.3,130.1,297.4,463.7,229.5,0,143.4,28.5,17.10000038
4/1/2042 0:00,2187,30-Apr-53,112.2,626.4,199.8,497.1,662.3,212.5,18,658.7,0,0.100000001
5/1/2042 0:00,2636,31-May-53,80.8,433.9,203.6,498.7,671.6,157.4,28,1180.4,29.20000076,57.20000076
6/1/2042 0:00,2381,30-Jun-53,46.4,264.2,137.7,485.1,436.1,83.3,0,1149.9,0,58
7/1/2042 0:00,1365,31-Jul-53,13.6,73,55.2,290.5,207.1,45.5,11,846.4,0,82.90000153
8/1/2042 0:00,901.6,31-Aug-53,5.5,15.6,41.9,160.4,160.7,34.9,12,641.1,0,30.5
9/1/2042 0:00,940.4,30-Sep-53,3.8,9.1,40.7,128.1,138.4,28.6,23,0,0,66.80000305
10/1/2042 0:00,802.9,31-Oct-53,4.3,9.1,44.4,122.6,129.5,25.8,154,2,0,24
11/1/2042 0:00,1210,30-Nov-53,36.4,123.5,65.5,186.4,210,57.3,240,212.5,0,0
12/1/2042 0:00,1138,31-Dec-53,15.6,126.1,50.4,156.6,164.9,43.4,67,264.3,0,24.79999924
1/1/2043 0:00,4209,31-Jan-54,377.8,647.9,216.1,325.5,507.4,308.7,1372,0,0,0
2/1/2043 0:00,5091,28-Feb-54,307.7,995.8,356.1,503.4,822.4,475.5,662,0,308.5,172
3/1/2043 0:00,4032,31-Mar-54,223.5,764.8,281.3,536.8,774.8,313.4,144,0,115.1999969,103.6999969
4/1/2043 0:00,2832,30-Apr-54,249.6,862.1,329.7,737.9,1092.6,399.6,254,0,61.40000153,17
5/1/2043 0:00,2290,31-May-54,60.7,256.1,117.3,472.2,415.1,95.1,28,504.8,0,39.5
6/1/2043 0:00,1251,30-Jun-54,31.7,90.9,60.1,301.6,210.2,48.6,12,1535.5,0,67.69999695
7/1/2043 0:00,982.3,31-Jul-54,9.6,20.6,42.3,171.7,143.5,31.2,11,1226.8,0,49.29999924
8/1/2043 0:00,852,31-Aug-54,5.7,10.2,38.5,130.6,127.7,28.1,12,780.5,0,28.29999924
9/1/2043 0:00,951.4,30-Sep-54,5,8.2,37.8,126,119.5,28.7,23,819.5,0,34.20000076
10/1/2043 0:00,869.9,31-Oct-54,5,8.7,37.3,121.8,117.4,29.9,14,201.1,0,1.899999976
11/1/2043 0:00,1982,30-Nov-54,58.2,140.7,98.6,196.8,186.4,52,287,498.7,66.59999847,11.60000038
12/1/2043 0:00,2530,31-Dec-54,96.4,254.1,172.8,257.1,288.4,110.2,350,907.1,135.8999939,22.20000076
1/1/2044 0:00,2675,31-Jan-55,45.1,178.3,124.8,194.8,217.1,102.7,56,862.3,111.5,20.70000076
2/1/2044 0:00,2204,28-Feb-55,31.2,155.2,78,166.5,176.2,85.5,28,486.8,9.5,18.10000038
3/1/2044 0:00,1394,31-Mar-55,28.7,157.3,68.5,202,258.7,99.3,0,87,0,44.70000076
4/1/2044 0:00,1632,30-Apr-55,87,206.6,108.6,282.7,382.5,184.1,30,994.5,0,8.600000381
5/1/2044 0:00,1404,31-May-55,69,355.7,109.2,389.1,349.5,94.6,17,1407.3,0,45.5
6/1/2044 0:00,1129,30-Jun-55,15.2,71.4,47.9,248.8,136.3,35.7,0,1151.2,0,79.19999695
7/1/2044 0:00,859.1,31-Jul-55,5.1,15.5,32.6,124.9,102.4,26.9,0,1159.5,0,69.59999847
8/1/2044 0:00,892.2,31-Aug-55,1,2.4,29.2,94.5,87.5,22.6,0,1128.4,0,53.29999924
9/1/2044 0:00,793.2,30-Sep-55,0.9,1.2,30.6,90.8,88.6,21.7,12,779.1,0,39.70000076
10/1/2044 0:00,607.3,31-Oct-55,2,3.4,33.2,101.3,101,28.3,0,0,0,11.89999962
11/1/2044 0:00,1094,30-Nov-55,18.8,82.7,53.3,147.1,139.3,42.2,11,103.6,2.599999905,0
12/1/2044 0:00,9858,31-Dec-55,648.8,2162.3,725.3,1367.4,2131.8,1079.5,896,0,196.8999939,0
1/1/2045 0:00,17378,31-Jan-56,602.1,1705.8,815.8,1205.7,1836.5,988.8,4060,0,225.3000031,636.2999878
2/1/2045 0:00,11096,29-Feb-56,472,983,573.5,754.5,1140.5,785.1,2298,0,18.60000038,164.6999969
3/1/2045 0:00,3917,31-Mar-56,189.6,703.2,182.9,391.5,622,259.1,1,282.9,71.69999695,166
4/1/2045 0:00,1797,30-Apr-56,230.2,927.8,163.4,492.7,682.7,129.4,30,1607.3,0,81.59999847
5/1/2045 0:00,2328,31-May-56,164.8,773.7,250.8,723,849.7,127.2,17,1080,0,0
6/1/2045 0:00,1590,30-Jun-56,44.1,247.8,111.6,548.9,397.2,53.8,12,1527.2,0,30.29999924
7/1/2045 0:00,1178,31-Jul-56,14.7,50.7,51.8,273.3,200.7,37.5,11,1153.5,0,50.20000076
8/1/2045 0:00,1185,31-Aug-56,6,12.2,42.3,168.4,146.6,30.7,12,1166.6,0,63.90000153
9/1/2045 0:00,857.3,30-Sep-56,4.6,7.8,42.9,146.2,142,30,23,0,0,24.10000038
10/1/2045 0:00,994.5,31-Oct-56,9.9,34.9,43.1,134.1,150.4,35.4,21,0,0,2.5
11/1/2045 0:00,806.1,30-Nov-56,9.9,35.7,42.2,126.2,141.8,31.7,262,20,0,24.79999924
12/1/2045 0:00,687.5,31-Dec-56,8.7,27.2,43.3,116.9,132.1,31.5,12,357.2,0,19.89999962
1/1/2046 0:00,1424,31-Jan-57,40.5,58.6,74.2,145.9,176.5,67.1,22,608.6,2.200000048,39.5
2/1/2046 0:00,2783,28-Feb-57,263.9,683.2,204.1,499.8,644.4,283.2,1023,722.7,0,0
3/1/2046 0:00,3191,31-Mar-57,143.1,596.3,223.4,479,666.3,238.7,25,0,26.5,166.5
4/1/2046 0:00,1858,30-Apr-57,88.4,337.8,118.3,302.3,351.3,115.9,30,1106.7,13.19999981,60.29999924
5/1/2046 0:00,2398,31-May-57,68.7,422,173.4,514,456.5,198.3,17,905.1,0,5.800000191
6/1/2046 0:00,1723,30-Jun-57,24.4,110.3,63.4,317.4,184,50.4,12,1197.5,0,66.5
7/1/2046 0:00,1008,31-Jul-57,7,20.3,38.3,157.6,117.7,30.5,11,1138.6,0,49.90000153
8/1/2046 0:00,885.7,31-Aug-57,2.8,6.4,34.2,112.8,102.6,25.7,0,1039.4,0,21.10000038
9/1/2046 0:00,1045,30-Sep-57,4.9,14.6,70.8,158.8,143.9,33,12,574.2,0,1.899999976
10/1/2046 0:00,1678,31-Oct-57,105.4,295.3,110,235.3,200.2,64.2,367,619,32.79999924,50.59999847
11/1/2046 0:00,1496,30-Nov-57,34,279.3,64.5,224.4,205.6,69.3,760,13.2,17.79999924,12.10000038
12/1/2046 0:00,2404,31-Dec-57,139,493.9,151.8,344.7,416.1,210.7,587,0,40,0
1/1/2047 0:00,5430,31-Jan-58,316.9,865.5,369.7,482.7,592.9,370.2,1805,0,130.8000031,0
2/1/2047 0:00,19102,28-Feb-58,1695,3053.8,988,1330.2,1931.8,1137.1,6270,0,1731.699951,0
3/1/2047 0:00,7948,31-Mar-58,573,753.5,526.8,682.2,1145.2,653.7,3698,0,380,0
4/1/2047 0:00,4942,30-Apr-58,515.3,1171.3,479.6,769.9,1308.2,594.8,797,0,300.7999878,215.8999939
5/1/2047 0:00,4004,31-May-58,171.7,786.3,289.2,836.4,892.2,107.4,487,641,1.899999976,0
6/1/2047 0:00,2424,30-Jun-58,55.1,250.3,187.7,638.2,452.8,66.9,0,1407.3,0,88.90000153
7/1/2047 0:00,1492,31-Jul-58,23,62.1,75,295.2,214.8,43.1,11,1367.4,0,47
8/1/2047 0:00,1230,31-Aug-58,9.1,21,54.2,168.7,162.2,36,0,1050.7,0,40.5
9/1/2047 0:00,1156,30-Sep-58,4.8,9.9,51.7,137.1,143.9,33.3,23,102.7,0,39
10/1/2047 0:00,999.7,31-Oct-58,4.9,7.3,50.5,122.5,133.9,30,290,0,0,0
11/1/2047 0:00,890,30-Nov-58,8.4,27.1,54.2,131.4,144.2,34.2,252,20,0,0
12/1/2047 0:00,959,31-Dec-58,10.6,36,56.3,132.4,145.3,43.8,12,154.5,0,2.200000048
1/1/2048 0:00,3049,31-Jan-59,147.3,523,219.5,445.2,495.8,218.1,665,1133.9,57.29999924,0
2/1/2048 0:00,6211,28-Feb-59,228.4,329.4,393.6,527.5,751.3,418.8,1088,0,257.2000122,10
3/1/2048 0:00,3013,31-Mar-59,94.3,472.5,96.6,271.3,320.9,117.6,24,185.7,36.90000153,102.1999969
4/1/2048 0:00,1742,30-Apr-59,57.5,327.7,84.5,314.6,270.4,66.5,30,999.1,0,58
5/1/2048 0:00,1306,31-May-59,19.3,125.6,62.8,266.4,177,42.6,28,1407,0,67.69999695
6/1/2048 0:00,1077,30-Jun-59,6.6,37.5,43.3,201.2,124.5,30.3,12,1137.1,0,28.10000038
7/1/2048 0:00,1011,31-Jul-59,1.3,6.2,35.5,118.6,100,24.4,0,1411.9,0,18
8/1/2048 0:00,1020,31-Aug-59,0.4,2.1,34.3,95.5,92.1,23.2,0,1146.1,0,37.90000153
9/1/2048 0:00,1066,30-Sep-59,4.7,11.2,37.7,108.3,99.3,26.6,12,807.2,0,52.09999847
10/1/2048 0:00,789.7,31-Oct-59,3.1,6.1,38.8,98.5,100.4,26.6,0,11.8,0,15.5
11/1/2048 0:00,722.5,30-Nov-59,3.5,5,39.3,95.2,100.4,25.3,11,20.1,0,9.300000191
12/1/2048 0:00,814.3,31-Dec-59,5.8,11.6,40.1,102.4,105.6,31.8,10,216.8,0,1.200000048
1/1/2049 0:00,1969,31-Jan-60,32.5,68,77.6,170.6,188.1,101.9,10,727,0,31.60000038
2/1/2049 0:00,4038,29-Feb-60,371.7,1098.9,293,445.1,622,309.6,200,0,173.3999939,28.39999962
3/1/2049 0:00,4379,31-Mar-60,173.1,829.5,163.5,437.7,584.6,264.8,353,130.5,32.90000153,62.5
4/1/2049 0:00,1947,30-Apr-60,69.6,281.2,93.2,322.3,362.5,91.5,30,749.1,0,39.5
5/1/2049 0:00,2121,31-May-60,39.7,219.2,75,338.5,242.2,64.4,17,1390.5,0,62.20000076
6/1/2049 0:00,1250,30-Jun-60,13.9,105.1,45.7,302.3,138.3,31.6,12,1007.4,0,14.69999981
7/1/2049 0:00,986.3,31-Jul-60,3.5,14.4,33.4,134.2,96.8,22.1,6,1184.1,0,34.09999847
8/1/2049 0:00,862.1,31-Aug-60,0.8,4,31.5,112.1,85.7,19.8,0,1143,0,8
9/1/2049 0:00,829.1,30-Sep-60,0.8,2.2,32.5,99.3,86.1,20.3,23,415.9,0,19
10/1/2049 0:00,750.6,31-Oct-60,2,3.7,33.2,96.3,95.4,22.9,0,10.9,0,0
11/1/2049 0:00,1645,30-Nov-60,10.9,50.4,116.6,207.4,221.5,69.7,11,233.8,20.5,0
12/1/2049 0:00,2951,31-Dec-60,91.3,280.6,200.4,271.3,335.3,118.7,260,618.8,84.80000305,69.09999847
1/1/2050 0:00,2369,31-Jan-61,100.7,203.8,103.7,209.7,219.3,83.2,503,1182.7,0,0
2/1/2050 0:00,3231,28-Feb-61,226.2,665.5,302.6,510.5,640.4,259.4,431,0,234.5,94.09999847
3/1/2050 0:00,3279,31-Mar-61,98.3,392.5,195.2,329.8,453.6,200.4,25,0,88.09999847,129.1000061
4/1/2050 0:00,1731,30-Apr-61,63.5,377.6,104.2,331.1,377.9,88.2,30,784.7,0,60.29999924
5/1/2050 0:00,1802,31-May-61,28.6,236.6,87,337.9,275.3,55.3,28,1168.8,0,22.79999924
6/1/2050 0:00,1342,30-Jun-61,12.6,102.4,49,341.3,154.8,34.6,12,1334.3,0,34.79999924
7/1/2050 0:00,1202,31-Jul-61,2.5,11.3,30.2,147.8,99.9,23.5,0,929.5,0,15.89999962
8/1/2050 0:00,981.2,31-Aug-61,1.4,4.2,28.1,107.5,90.5,21.4,0,1143.5,0,29.5
9/1/2050 0:00,819.3,30-Sep-61,1.3,3.5,29.9,93.1,86.1,21.6,12,624.6,0,53.79999924
10/1/2050 0:00,760.2,31-Oct-61,1.7,2.9,33,94.8,91,22.9,0,0,0,0
11/1/2050 0:00,1120,30-Nov-61,16.4,27.9,63.8,132,133.9,41.3,11,18.1,0,0
12/1/2050 0:00,2241,31-Dec-61,42.9,132.2,219.6,286.4,310.4,138.5,10,692,73.19999695,84.09999847
1/1/2051 0:00,1722,31-Jan-62,21.9,84.6,97.1,177.6,180.4,91.4,12,449.7,0,50.59999847
2/1/2051 0:00,4534,28-Feb-62,243.4,396,495,671.6,1019.2,624.3,1409,0,252.1000061,0
3/1/2051 0:00,4433,31-Mar-62,181.1,343.4,182.4,279.7,441.5,278.5,81,538.9,142,56.90000153
4/1/2051 0:00,2019,30-Apr-62,115.9,701.4,123.5,381.9,578.5,104.6,30,873.9,0,53.5
5/1/2051 0:00,1575,31-May-62,34.2,192.7,117.9,370.6,346.7,47.6,28,1207.7,0,28.20000076
6/1/2051 0:00,1237,30-Jun-62,11.5,71.4,60.9,295.8,176.2,33,12,1228.1,0,27.89999962
7/1/2051 0:00,899.1,31-Jul-62,2.7,11.3,30.1,144.8,109.1,25.2,0,1425.3,0,33
8/1/2051 0:00,968,31-Aug-62,2.3,7.7,27,103.3,91.7,22.9,0,1115.6,0,33.70000076
9/1/2051 0:00,944.8,30-Sep-62,0.7,1.9,27.9,92.3,85.4,22.2,23,494.5,0,48.29999924
10/1/2051 0:00,2211,31-Oct-62,37.8,311.8,234.1,688.5,851.2,337.6,12,0,35.09999847,44.59999847
11/1/2051 0:00,2563,30-Nov-62,22.7,116.8,53.6,173.7,195.3,55,92,65.3,1,3.099999905
12/1/2051 0:00,2512,31-Dec-62,66.2,427,253.6,530.3,574.9,302.4,489,0,42.09999847,0
1/1/2052 0:00,2550,31-Jan-63,108.2,328.3,159.9,343.4,362.5,167.2,360,1025,0,15.69999981
2/1/2052 0:00,2943,28-Feb-63,408.5,1231.9,273.4,669.8,789.5,344.9,2040,0,193.6999969,52.5
3/1/2052 0:00,3298,31-Mar-63,177.2,345.5,172.2,358.4,486.4,261,382,60.6,20.20000076,52.70000076
4/1/2052 0:00,4126,30-Apr-63,313.1,1077.7,570.2,859.8,1336.8,668.8,1358,0,185.3000031,60.70000076
5/1/2052 0:00,3804,31-May-63,116.6,596.8,216.3,571.2,525.6,128.6,125,461.2,36.70000076,0
6/1/2052 0:00,1783,30-Jun-63,35.4,123.5,67.2,323,228.6,58.1,12,1457.8,0,81.69999695
7/1/2052 0:00,1074,31-Jul-63,13.8,31.8,44.6,163.6,146.6,35.5,11,1106.8,0,34.5
8/1/2052 0:00,964.9,31-Aug-63,5.1,9.7,38.7,121.4,119.4,27.8,12,1074,0,24
9/1/2052 0:00,1044,30-Sep-63,3.6,6.4,37.7,111.3,112.6,26,23,0,0,71
10/1/2052 0:00,1070,31-Oct-63,11.1,22.1,42.3,115.4,125.2,30.3,49,0,0.400000006,33.09999847
11/1/2052 0:00,2131,30-Nov-63,89.7,306.4,110.5,263.7,268.6,79.8,460,926.5,1.299999952,0
12/1/2052 0:00,1858,31-Dec-63,23,91.3,49.7,139.5,143.8,33.1,156,485.6,0,49.5
1/1/2053 0:00,2575,31-Jan-64,61.3,198.9,163.6,303.2,365.1,187.8,247,818.4,17.39999962,18.70000076
2/1/2053 0:00,2030,29-Feb-64,31.4,238.9,62.5,171.9,204.5,86.1,28,647.3,0,81
3/1/2053 0:00,1282,31-Mar-64,22.1,126,61,158.1,188.8,70.9,3,158.6,0,23.60000038
4/1/2053 0:00,1572,30-Apr-64,23,152.4,71.3,268.7,292.9,72.9,30,949.7,0,8.699999809
5/1/2053 0:00,1152,31-May-64,13.7,92.6,68.8,276.4,240,41.3,17,1483.6,0,47.09999847
6/1/2053 0:00,967.3,30-Jun-64,6.4,36,49.7,209.9,154.1,31.8,0,1144.2,0,17.10000038
7/1/2053 0:00,1078,31-Jul-64,1,7.3,31.9,117.6,103.2,22.6,0,781.1,0,4
8/1/2053 0:00,1139,31-Aug-64,0.1,1.8,29.6,90.8,90.8,19.5,0,828.5,0,35.29999924
9/1/2053 0:00,1051,30-Sep-64,0.4,1.2,33.7,91.6,93,21.4,12,591.7,0,36.5
10/1/2053 0:00,944.1,31-Oct-64,7.6,8.9,37.7,97.2,97.3,24.6,4,0,0,0
11/1/2053 0:00,1724,30-Nov-64,119.8,158.4,169.3,258.7,272.2,106,11,735.4,0,74.40000153
12/1/2053 0:00,9356,31-Dec-64,687.4,3055.2,603.4,1448.6,1974.8,819.6,3491,0,0,89.80000305
1/1/2054 0:00,13498,31-Jan-65,480.7,1286.4,578.4,873,1471.6,851.6,3131,0,0,537.4000244
2/1/2054 0:00,3133,28-Feb-65,116.7,650.1,144.2,335.8,481.3,164.4,101,611,78,95.19999695
3/1/2054 0:00,1763,31-Mar-65,69.1,336.7,134.2,303.1,408.5,103.3,15,351.9,0,49.79999924
4/1/2054 0:00,2252,30-Apr-65,501.8,993.4,427.7,763,1013.5,391.8,494,0,588,0
5/1/2054 0:00,2202,31-May-65,99.2,469.7,152.6,475.7,442.3,88.3,19,497.8,0,26.70000076
6/1/2054 0:00,1491,30-Jun-65,31.1,119,67.9,405.7,247.6,44.1,12,1026,0,24.29999924
7/1/2054 0:00,1291,31-Jul-65,13.5,28,43.7,221.4,160.1,31.7,11,1078.9,0,0
8/1/2054 0:00,1269,31-Aug-65,7.7,16.8,46,166.9,149.2,30.2,12,777.4,0,1.399999976
9/1/2054 0:00,1028,30-Sep-65,5,9.3,42.6,124.9,126.1,27.1,23,528.4,0,45
10/1/2054 0:00,884.4,31-Oct-65,4.8,7.5,39.6,105.6,116.2,24.8,14,0,0,28.20000076
11/1/2054 0:00,2108,30-Nov-65,203.8,201.7,92.1,212.6,271.5,105.6,496,317.4,23.79999924,5
12/1/2054 0:00,2294,31-Dec-65,51.4,108.6,77.3,171.8,194.8,73.1,440,683.2,0,0
1/1/2055 0:00,3912,31-Jan-66,288.2,559.4,169.4,284.5,406.3,256.4,1695,0,87.59999847,59.90000153
2/1/2055 0:00,3188,28-Feb-66,154.1,290,163.5,248.5,302.1,184.5,327,0,117.4000015,20.39999962
3/1/2055 0:00,2130,31-Mar-66,147.3,674.7,117.4,285.7,351.7,145.5,14,0,1.399999976,8.800000191
4/1/2055 0:00,1744,30-Apr-66,122.7,792.3,131.8,448.7,518.9,91.1,30,970.8,0,47.29999924
5/1/2055 0:00,1194,31-May-66,33,257.9,88.4,350.5,236.9,37.3,28,1049.6,1.899999976,42.29999924
6/1/2055 0:00,1089,30-Jun-66,13,56.2,40.9,177.5,129.8,27.7,12,960.2,0,0
7/1/2055 0:00,967.2,31-Jul-66,4.8,17.1,32.9,118.7,101.3,22.3,0,683.7,0,0
8/1/2055 0:00,944.4,31-Aug-66,1.7,5,29.1,95.8,91.8,18.9,0,1197,0,18.79999924
9/1/2055 0:00,927.1,30-Sep-66,2.2,4.7,31.6,91.7,91,20.8,23,305.1,0,34.29999924
10/1/2055 0:00,775.7,31-Oct-66,2.4,4,33.6,87.6,91.5,20.9,0,0,0,0
11/1/2055 0:00,2173,30-Nov-66,91.8,283.6,162.1,301.7,385.4,139.7,11,762,54.79999924,0
12/1/2055 0:00,3635,31-Dec-66,222.5,700.6,266.8,441.1,575.7,332.8,780,0,106.5,153.5
1/1/2056 0:00,10939,31-Jan-67,438.6,834.3,420.3,603.4,832.5,644.6,2590,0,47.29999924,0
2/1/2056 0:00,3004,28-Feb-67,216.9,597.5,183,362.7,525.2,259.5,450,0,185.6999969,293.2000122
3/1/2056 0:00,2809,31-Mar-67,133.5,398,305.1,497.7,798.8,419.8,165,0,30.5,43.59999847
4/1/2056 0:00,3472,30-Apr-67,232.8,362.3,367.1,505.6,762.9,451.9,132,0,34,58.20000076
5/1/2056 0:00,3540,31-May-67,201.1,898.8,311,800.9,1054.4,253.7,299,0,0,57.40000153
6/1/2056 0:00,2088,30-Jun-67,126.5,363.6,184.5,653.3,462.9,71.3,148,1460,0,67.09999847
7/1/2056 0:00,1184,31-Jul-67,24.3,53.9,59.2,290.6,179.6,35.2,11,728.7,0,11.89999962
8/1/2056 0:00,1219,31-Aug-67,9.8,16.3,42.3,142.6,134.8,26.1,12,711,0,37.40000153
9/1/2056 0:00,1047,30-Sep-67,5.7,8.6,40.5,119.9,120.3,23.2,23,64,0,40.70000076
10/1/2056 0:00,937.1,31-Oct-67,7.4,22.1,44.6,127.1,124.7,27.7,189,0,0,49
11/1/2056 0:00,971.7,30-Nov-67,10.7,33.5,49.1,135.3,130.7,35.1,295,18.1,0,56.5
12/1/2056 0:00,1555,31-Dec-67,28.2,129.9,88.1,175.1,168.8,70.8,54,343.4,0,67.69999695
1/1/2057 0:00,4438,31-Jan-68,145.7,811.6,308.6,436.2,473.7,202.1,1204,446,72.59999847,13.30000019
2/1/2057 0:00,6138,29-Feb-68,323.1,1190.7,339.8,647.2,928.5,456.3,1637,0,34.59999847,134.6999969
3/1/2057 0:00,3453,31-Mar-68,96.9,422.8,185.5,372.4,537.1,215.4,22,303,66.40000153,229.1000061
4/1/2057 0:00,1827,30-Apr-68,54.1,282.4,99.5,297,351.8,72.2,30,738.9,0,84.90000153
5/1/2057 0:00,1379,31-May-68,29.1,144.5,78.4,288,217.7,39.5,28,1366,0,79.59999847
6/1/2057 0:00,1073,30-Jun-68,11.5,42.4,45.6,209.7,134.1,27.9,0,836,0,21.10000038
7/1/2057 0:00,1099,31-Jul-68,3,14.5,35.7,126.8,101.4,22.3,0,1008.7,0,9.100000381
8/1/2057 0:00,1031,31-Aug-68,3.4,9.3,45,125.7,102.7,24.3,0,1388.7,0,65.5
9/1/2057 0:00,1027,30-Sep-68,1.7,6.2,34.3,95.4,92.5,21.3,23,324,0,41.20000076
10/1/2057 0:00,988.2,31-Oct-68,3.5,9.6,45.9,134,122.3,32.5,4,0,7.300000191,33.59999847
11/1/2057 0:00,1448,30-Nov-68,13,74.4,97.1,221.1,187.3,57.7,11,287.6,0,48.5
12/1/2057 0:00,4652,31-Dec-68,143.7,268.4,438.7,518.9,595.1,296,10,0,133.6000061,48.90000153
1/1/2058 0:00,15697,31-Jan-69,618.5,1797.4,1013.2,1363.8,2187.5,1312.5,4172,0,198.6000061,222.3000031
2/1/2058 0:00,13518,28-Feb-69,575.2,851.8,636.9,719.8,1139.2,808.8,3635,0,246.1999969,204.6999969
3/1/2058 0:00,6054,31-Mar-69,355.4,1145.3,233.7,381.2,570.2,301.9,583,0,142.6999969,147.8000031
4/1/2058 0:00,3043,30-Apr-69,304.9,2015.7,289.2,624.2,985.5,283.1,260,0,0,72.69999695
5/1/2058 0:00,2598,31-May-69,192.1,1284.5,327.2,872.5,960.5,103.1,101,611.3,0,0
6/1/2058 0:00,1609,30-Jun-69,42.2,254,125,522.8,371.3,52.4,12,1055.1,7.800000191,5.800000191
7/1/2058 0:00,1409,31-Jul-69,12.8,47.1,57.2,249.6,192,36,11,694.4,0,0
8/1/2058 0:00,1246,31-Aug-69,4.7,14.5,45.7,150.2,149.9,29.4,12,800,0,0
9/1/2058 0:00,1318,30-Sep-69,3.9,8.7,43.3,129.5,133.7,27.2,23,249.9,0,30.10000038
10/1/2058 0:00,1396,31-Oct-69,5.9,14.3,58.9,155.8,152.7,34.9,34,5.2,0,38.20000076
11/1/2058 0:00,1190,30-Nov-69,9.9,32.9,74.8,178.7,171.5,44.4,212,181.5,0,31.29999924
12/1/2058 0:00,6027,31-Dec-69,200.4,990.6,543.9,898.4,926.4,438.1,1197,0,50.29999924,0
1/1/2059 0:00,20596,31-Jan-70,1000,3268.1,1342.7,2070.6,3023.2,1698.9,6978,0,0,282.8999939
2/1/2059 0:00,7378,28-Feb-70,232.4,585.3,337,498,832.2,342.1,1288,0,109.9000015,247.6000061
3/1/2059 0:00,3754,31-Mar-70,222,552.4,396.5,628.5,878.5,368.3,25,0,92.09999847,94.90000153
4/1/2059 0:00,2191,30-Apr-70,57.1,191.5,118.4,294.6,327.9,80.6,30,791.2,0,70.59999847
5/1/2059 0:00,1838,31-May-70,36.1,170.5,99.3,429.3,279,54.4,28,1377.2,0,58.40000153
6/1/2059 0:00,1478,30-Jun-70,19.8,60.9,72.7,404.8,212.8,38.9,0,1047.2,0,15.80000019
7/1/2059 0:00,1503,31-Jul-70,6.5,14.1,54.5,201,155.3,33.1,0,893.5,0,21.70000076
8/1/2059 0:00,1440,31-Aug-70,2.7,5.9,48.1,134.3,129,29.5,0,1262.3,0,43.20000076
9/1/2059 0:00,1467,30-Sep-70,2.3,5.1,48.5,125.5,121.1,26.5,23,616.4,0,45
10/1/2059 0:00,1347,31-Oct-70,4.1,9.8,48.4,119.4,120.1,27.9,3,0,0,48.40000153
11/1/2059 0:00,4189,30-Nov-70,106.2,285,311,478.1,449.1,176.6,11,922.1,4.099999905,0
12/1/2059 0:00,7806,31-Dec-70,245.5,702,415,588.2,747,469.4,1380,0,230.1000061,120.3000031
1/1/2060 0:00,8668,31-Jan-71,324,1351.6,313.9,477.6,603.7,329.5,1919,0,148,4.300000191
2/1/2060 0:00,3112,28-Feb-71,118.9,595.6,118.5,263.1,339.8,104.7,28,706.5,61.40000153,57
3/1/2060 0:00,3689,31-Mar-71,237.3,915.6,313.7,560.8,835.1,393.4,458,0,0,0
4/1/2060 0:00,2476,30-Apr-71,127,608.6,166.8,410.2,687.7,142.7,30,1389.6,33.09999847,0.200000003
5/1/2060 0:00,2846,31-May-71,83,427.3,183.1,514.2,592.7,69.2,17,1109.5,0,9.699999809
6/1/2060 0:00,2157,30-Jun-71,26.6,155.8,109.2,467.9,355.4,46,12,859.3,0,51.29999924
7/1/2060 0:00,1915,31-Jul-71,9,37,57,266.4,190.7,32.5,11,610.9,0,39
8/1/2060 0:00,1488,31-Aug-71,3.3,9.9,45.4,147.4,135,25.5,0,728.8,0,61.20000076
9/1/2060 0:00,1437,30-Sep-71,2.6,6.5,43.3,127.7,123.5,25.5,23,312.8,0,56.5
10/1/2060 0:00,1317,31-Oct-71,4,8.4,45.3,120.6,118.7,26,0,9.4,0,65.40000153
11/1/2060 0:00,1278,30-Nov-71,9.6,41,51.1,130.3,132.1,31,11,175.4,0,38.20000076
12/1/2060 0:00,2015,31-Dec-71,26.3,88.5,96.2,194.3,214.9,76.5,11,580.8,0,57.40000153
1/1/2061 0:00,2331,31-Jan-72,44.9,358.7,77.9,189.6,227.2,81.4,378,325.6,0,80.09999847
2/1/2061 0:00,3152,29-Feb-72,53.7,379.5,120.5,255.8,312,136.8,28,677.9,0,44
3/1/2061 0:00,2140,31-Mar-72,85.4,818.5,154.5,461.7,607.9,104.6,0,899.6,0,83.80000305
4/1/2061 0:00,2226,30-Apr-72,43.6,267.2,157.2,359.1,503.1,137.5,30,1034.1,0,61.29999924
5/1/2061 0:00,1801,31-May-72,16.3,144,84.6,318.8,241.9,46.1,28,1114.5,0,54.90000153
6/1/2061 0:00,1327,30-Jun-72,5.4,51.3,49.4,238.6,145.1,30.3,12,849.6,0,33.70000076
7/1/2061 0:00,1357,31-Jul-72,0.9,10,36.7,123.2,106.2,21.3,0,852.3,0,36.79999924
8/1/2061 0:00,1286,31-Aug-72,0.3,4.9,35,105.1,93.5,21.2,0,883,0,52.79999924
9/1/2061 0:00,1275,30-Sep-72,1.9,12,43.2,103.4,97.9,22.2,12,409.4,0,34.90000153
10/1/2061 0:00,1335,31-Oct-72,23.6,46,62.7,139.6,122.8,30.9,12,0,0,49.5
11/1/2061 0:00,2454,30-Nov-72,164,191.2,163.4,262.7,272.9,106.8,35,1196.5,5.199999809,54.5
12/1/2061 0:00,2981,31-Dec-72,181.8,622.9,145.5,289.3,302.9,114.3,859,0,33.5,71.5
1/1/2062 0:00,9692,31-Jan-73,423.9,962.6,513.4,682.9,912.9,630.6,2854,0,228,194.6000061
2/1/2062 0:00,12026,28-Feb-73,514.6,720.1,481.4,617,876.9,631.7,3748,0,210.8999939,91.69999695
3/1/2062 0:00,5563,31-Mar-73,301.4,591.2,293.7,385.5,612.6,391.8,701,0,241.1000061,137
4/1/2062 0:00,2298,30-Apr-73,198,730.8,192.9,402.7,552,111.5,18,1981.2,0,86.90000153
5/1/2062 0:00,1955,31-May-73,91.4,386.9,193.3,554.1,472.8,55.3,28,570.2,0,40
6/1/2062 0:00,1591,30-Jun-73,22.4,76.3,71.7,303.5,188,35.8,12,885.8,0,10.5
7/1/2062 0:00,1375,31-Jul-73,7.4,15.7,44.9,151.6,126.4,27.1,11,1086.3,0,13.69999981
8/1/2062 0:00,1300,31-Aug-73,3.3,5.4,40.8,117.9,109.5,23,0,1265.3,0,44.40000153
9/1/2062 0:00,1274,30-Sep-73,3.5,6.1,41.5,112.3,108.2,26.7,23,597.5,0,37.29999924
10/1/2062 0:00,1480,31-Oct-73,8.8,30.5,52.1,137.1,133.6,34.1,12,0,0,43.29999924
11/1/2062 0:00,4525,30-Nov-73,312,879.9,513.4,1044.8,1079.2,656.9,1213,0,107.5,0
12/1/2062 0:00,8237,31-Dec-73,300.4,1115.5,414.7,651.5,874.1,488,2116,0,312.6000061,0
1/1/2063 0:00,10889,31-Jan-74,696.9,2303.6,799.7,1237.3,1786.3,794.1,3924,0,269.2000122,77.69999695
2/1/2063 0:00,5995,28-Feb-74,136,377.2,210.5,344.7,527.8,229.2,344,0,91.30000305,120.1999969
3/1/2063 0:00,9267,31-Mar-74,450.8,1249.9,665.2,1017.3,1679.1,986,2153,0,0,0
4/1/2063 0:00,4286,30-Apr-74,332.2,878,409,654.1,1107,436,70,0,209.6000061,344.8999939
5/1/2063 0:00,3293,31-May-74,109.2,409.3,214.6,615.1,615.5,89.5,28,524.4,0,17.39999962
6/1/2063 0:00,2263,30-Jun-74,31.6,146.9,112.2,571.8,342.5,48.8,12,701,0,28.10000038
7/1/2063 0:00,1816,31-Jul-74,17.4,46.6,69.6,329.8,218.1,40.4,11,933.9,0,60.20000076
8/1/2063 0:00,1729,31-Aug-74,6.6,13.2,55.2,180,171,30.2,12,743,0,43.5
9/1/2063 0:00,1605,30-Sep-74,4.2,6.2,51,140.3,145.6,29.1,23,491.8,0,66.09999847
10/1/2063 0:00,1476,31-Oct-74,6.4,9.5,56.5,134,147.7,30.7,14,0,0,53.70000076
11/1/2063 0:00,1270,30-Nov-74,9.7,19,61.5,147.7,161.9,37.8,137,232.1,0,6.099999905
12/1/2063 0:00,2077,31-Dec-74,58.5,89.2,97.1,167,199.3,66.2,84,606,52.5,9.699999809
1/1/2064 0:00,1865,31-Jan-75,30.3,188.8,92.6,167.2,206.3,71.4,95,371.4,2.5,34.09999847
2/1/2064 0:00,5756,28-Feb-75,340.3,935.6,510.2,627.2,871.9,524.1,2220,0,221.1999969,72
3/1/2064 0:00,9307,31-Mar-75,644.9,1614.8,460.9,681.2,1079.4,692.9,3195,0,244.3999939,0
4/1/2064 0:00,4489,30-Apr-75,200.6,726.2,238.1,404.5,602.2,272.7,18,1363.7,67.80000305,76
5/1/2064 0:00,3364,31-May-75,180,859.7,252.3,694.7,904.5,138.3,28,515.5,14.39999962,0
6/1/2064 0:00,1875,30-Jun-75,43.4,255,159.4,572,421.4,50.7,12,703,0,0
7/1/2064 0:00,1544,31-Jul-75,15.2,42.9,61.5,258.9,193.3,34.1,11,1144.1,0,5.5
8/1/2064 0:00,1428,31-Aug-75,6.3,13.5,54.1,162.5,157.9,31.3,12,975.4,0,27.20000076
9/1/2064 0:00,1513,30-Sep-75,3.8,8.6,50.1,131.5,136.7,31.7,23,0,0,46.79999924
10/1/2064 0:00,1827,31-Oct-75,10.1,38.5,62.3,160.9,164,39.9,74,0,0,5.099999905
11/1/2064 0:00,1612,30-Nov-75,13.2,113.8,60.8,174.3,170.7,46.6,287,260.2,0,0
12/1/2064 0:00,1520,31-Dec-75,13,93.4,61.4,166.8,166.2,44,34,461.5,12.30000019,0
1/1/2065 0:00,1374,31-Jan-76,9.7,46,51.4,135.5,133.4,33.2,10,201,2,28
2/1/2065 0:00,1993,29-Feb-76,24.3,185.1,75,208.2,209.1,61.6,28,659.4,0,0
3/1/2065 0:00,1933,31-Mar-76,30.6,239.8,88.1,243.9,255.9,73,0,1537.5,4.5,112.4000015
4/1/2065 0:00,1854,30-Apr-76,46.2,194.9,90.6,224.1,219.3,63.3,11,1469.9,0,67.80000305
5/1/2065 0:00,1491,31-May-76,14.1,136,61.3,254.1,145.8,27.4,0,754.6,0,57.29999924
6/1/2065 0:00,1095,30-Jun-76,3.8,28,40.6,139.9,107.6,24.6,12,635.4,0,72.90000153
7/1/2065 0:00,1101,31-Jul-76,0.9,6.8,33.4,102.5,94.1,20.7,0,593.2,0,48.5
8/1/2065 0:00,980.5,31-Aug-76,2,10.9,36,102.7,100,25.9,0,1139.1,0,102.5
9/1/2065 0:00,1062,30-Sep-76,1.2,5.7,36.4,91.9,96.9,22.5,0,635,0,42.79999924
10/1/2065 0:00,751,31-Oct-76,2,4.9,38.1,85.3,93.4,22.2,0,0,0,8.899999619
11/1/2065 0:00,763.7,30-Nov-76,4.5,12.4,40.2,87.6,97.3,24.6,11,107.6,0,0.300000012
12/1/2065 0:00,787.1,31-Dec-76,4.1,7.4,41.5,85.3,95.3,25.1,10,162.3,0,0
1/1/2066 0:00,1244,31-Jan-77,7.1,15.4,56.1,94.4,95.3,30.3,10,355.6,0,0
2/1/2066 0:00,1292,28-Feb-77,6.8,22.6,42.5,96.2,101.5,30.3,28,619.9,0,20.5
3/1/2066 0:00,1209,31-Mar-77,23.2,60.4,45.4,104.1,116.2,36.9,0,1049.9,0,36.20000076
4/1/2066 0:00,1008,30-Apr-77,13.5,64.8,41.8,108.8,106,21.8,12,1807.9,0,42.20000076
5/1/2066 0:00,1121,31-May-77,13.1,42.6,45.7,119.5,108.4,29.9,13,1032.2,0,15.80000019
6/1/2066 0:00,1062,30-Jun-77,2.5,16.2,32.3,96.5,80.7,19.4,6,1046.8,0,0
7/1/2066 0:00,605.5,31-Jul-77,0.3,1.7,27.8,69.9,66.7,16.5,5,928.9,0,0
8/1/2066 0:00,493.1,31-Aug-77,0,0,28,65.3,66.4,15.4,0,945.6,0,29.70000076
9/1/2066 0:00,474.6,30-Sep-77,1.1,4.1,33.1,83.5,75.4,23.2,0,438.4,0,40.90000153
10/1/2066 0:00,564.1,31-Oct-77,1.3,8.4,39.2,82.1,78.9,19.7,0,0,0,0
11/1/2066 0:00,1023,30-Nov-77,18.2,113,49,105.7,97.3,28.8,10,92.5,0,1.299999952
12/1/2066 0:00,2118,31-Dec-77,153.7,580.9,129,299.8,266.4,118.1,10,452.7,17.60000038,12.30000019
1/1/2067 0:00,13939,31-Jan-78,803.8,1583.7,638.8,905,1307.4,718.1,3525,0,552.2999878,53.40000153
2/1/2067 0:00,8380,28-Feb-78,459.3,1043,375,533.9,805.6,482.9,3549,0,350.2999878,0
3/1/2067 0:00,5968,31-Mar-78,429.5,1118.7,543.3,789.1,1104.2,589.6,1232,0,444,0
4/1/2067 0:00,4174,30-Apr-78,213.9,587.4,348.1,617.8,745.1,339.8,36,0,112.0999985,144.8999939
5/1/2067 0:00,2868,31-May-78,93.2,423,158.9,492.2,427.1,110.6,28,499.8,6.699999809,37.59999847
6/1/2067 0:00,1422,30-Jun-78,30.1,196.3,87.4,450.7,213.2,49.6,12,866.5,0,0
7/1/2067 0:00,937.6,31-Jul-78,11.4,51.7,47.3,253.7,125.3,30.3,11,822.9,0,0
8/1/2067 0:00,889.1,31-Aug-78,4.3,7.8,39.5,137.4,103.2,22,12,1151,0,40.5
9/1/2067 0:00,924.4,30-Sep-78,11.4,21.2,40.9,121.7,105.2,23.6,23,687.3,0,83.19999695
10/1/2067 0:00,822.5,31-Oct-78,4.8,6.9,36.6,103.4,95.6,21.4,14,0,0,14.19999981
11/1/2067 0:00,906.9,30-Nov-78,8.3,12,43.7,107.4,104.9,26,194,258.3,0,7.199999809
12/1/2067 0:00,753.3,31-Dec-78,8,15.2,44.9,110.1,109.5,28,12,234.5,8.300000191,4.099999905
1/1/2068 0:00,1776,31-Jan-79,61.6,159,107.4,190.2,196.9,79.5,97,837.9,98.09999847,20.60000038
2/1/2068 0:00,4980,28-Feb-79,133.7,296.5,409,437.8,535.9,277.7,810,0,213.6000061,0
3/1/2068 0:00,4185,31-Mar-79,213.6,600.3,224.3,372.3,519.3,280,25,742.4,128.5,0
4/1/2068 0:00,1964,30-Apr-79,104.7,346.7,113,314.5,404.4,133.2,18,1681.2,41.90000153,108.4000015
5/1/2068 0:00,1803,31-May-79,65.8,301.2,144.2,441.4,379.3,116.7,28,626.3,0.5,38
6/1/2068 0:00,1150,30-Jun-79,14.3,56.5,47.7,236.6,138.4,33.5,12,677.3,0,0
7/1/2068 0:00,841.9,31-Jul-79,4.9,13.5,33.3,125.6,103.1,21,0,987.9,12.89999962,0
8/1/2068 0:00,1053,31-Aug-79,1.9,2.6,33.4,106.1,99.6,21.7,0,1035.6,26.39999962,44.59999847
9/1/2068 0:00,838.1,30-Sep-79,1.9,2.9,31.7,88.7,96,21.7,23,705.9,0,58.90000153
10/1/2068 0:00,1310,31-Oct-79,12.1,75.3,73.5,167.5,144.4,40,10,116.6,0,25.29999924
11/1/2068 0:00,1959,30-Nov-79,66.3,266.1,137.6,227.4,187.2,58.2,11,1121.7,33,7
12/1/2068 0:00,3541,31-Dec-79,91.9,147.7,322.5,381.8,358.4,158.1,575,1180.1,130.6999969,0
1/1/2069 0:00,5395,31-Jan-80,349.9,1798.7,621.5,1021.4,1360.3,671.9,3203,0,429.3999939,0
2/1/2069 0:00,11715,29-Feb-80,633.6,1403.2,728.6,906,1484.1,814.3,4118,0,425.1000061,0
3/1/2069 0:00,4195,31-Mar-80,228.2,564,274.7,433.9,624.7,299.9,128,0,205.3999939,95.59999847
4/1/2069 0:00,2035,30-Apr-80,115.7,475.5,128.2,354.7,411.4,112.5,30,1547.3,0,84.30000305
5/1/2069 0:00,2079,31-May-80,55.4,249.8,136,439.9,382.3,78.1,28,1288.4,0,35.29999924
6/1/2069 0:00,1594,30-Jun-80,26.3,93.5,72.8,324,212.6,44.4,12,1189.3,0,0
7/1/2069 0:00,1307,31-Jul-80,10.4,28.8,46.8,212.1,138.3,30.1,0,984.7,0,14.60000038
8/1/2069 0:00,1381,31-Aug-80,3.3,7.2,39.6,126.7,114.1,23.5,0,1303.3,0,61.09999847
9/1/2069 0:00,1006,30-Sep-80,3.4,4.8,40.6,111.4,115.5,22.1,23,940.9,0,57.79999924
10/1/2069 0:00,989.7,31-Oct-80,4.7,7.2,41.7,102.7,110.4,24.5,0,0,0,29.29999924
11/1/2069 0:00,847,30-Nov-80,6.9,13.4,40.2,103.1,112.9,26,11,186.1,0,0
12/1/2069 0:00,1621,31-Dec-80,72.7,232,84.6,218.6,241.6,99.4,10,530.4,8.800000191,40.29999924
1/1/2070 0:00,3504,31-Jan-81,291.3,326.1,249.6,379.1,401.4,183.6,780,0,203.1999969,0
2/1/2070 0:00,3172,28-Feb-81,172.7,683.8,132.6,301.7,360.1,173,355,1234,54.79999924,83.40000153
3/1/2070 0:00,3086,31-Mar-81,157.1,389.8,201.2,349.1,379.8,192.8,25,1078.7,83.90000153,14
4/1/2070 0:00,1867,30-Apr-81,80.1,275.2,94.8,267.7,243.3,79.7,30,1565.7,36.29999924,108
5/1/2070 0:00,1746,31-May-81,32.7,101.6,59.7,274.8,152.5,45.4,28,448.5,0,0
6/1/2070 0:00,1299,30-Jun-81,11.2,28.8,36.6,157.1,105.3,29.2,12,693.3,0,0
7/1/2070 0:00,1397,31-Jul-81,1.9,5.9,31.3,96.2,86.4,22.4,0,646.8,0,0
8/1/2070 0:00,1274,31-Aug-81,0.5,1.2,28.3,81.3,80.9,20.6,0,837.7,9.5,21.5
9/1/2070 0:00,907.5,30-Sep-81,1.1,1.9,29.9,81.4,85.9,21.3,23,35.7,20.10000038,26.89999962
10/1/2070 0:00,1481,31-Oct-81,16.6,44,66.3,156.5,153,48.2,12,0,11.19999981,16.39999962
11/1/2070 0:00,4768,30-Nov-81,206.5,891.6,537.7,986.1,1073.9,507,594,0,113.5,0
12/1/2070 0:00,8747,31-Dec-81,362.6,1373.1,430.7,725.5,991.2,498.4,2245,0,259.2999878,0
1/1/2071 0:00,6470,31-Jan-82,193.1,552.6,319.4,456.6,635.7,365.4,1812,0,245.6999969,64.30000305
2/1/2071 0:00,6388,28-Feb-82,316.1,1407.4,386.4,696.2,1027.2,453.2,1289,0,126.5,0
3/1/2071 0:00,5803,31-Mar-82,276.9,599.7,383.4,564.8,915,439.6,951,0,77.09999847,41
4/1/2071 0:00,5189,30-Apr-82,273,1195.6,559.2,886.3,1676.1,903.7,1323,0,88.30000305,215.8999939
5/1/2071 0:00,3897,31-May-82,99.2,557,201.2,584.8,629.5,120.4,201,481.8,15.80000019,87.69999695
6/1/2071 0:00,2358,30-Jun-82,40.1,143,95.2,417.1,274.2,58.5,12,707.5,0,39.20000076
7/1/2071 0:00,1512,31-Jul-82,15.6,46.7,68.1,256.9,187.8,36.7,11,699.7,10.69999981,31.5
8/1/2071 0:00,1293,31-Aug-82,5.6,10.2,47.6,153.6,155.8,29.8,12,389,10.30000019,41
9/1/2071 0:00,1416,30-Sep-82,5.4,6.9,47.5,137.7,154.4,29.4,23,0,2.400000095,75.40000153
10/1/2071 0:00,1702,31-Oct-82,15.6,71.6,88,214.7,204,50,341,0,24.89999962,0
11/1/2071 0:00,2925,30-Nov-82,74.1,339,190.4,347.6,352.8,148.5,895,948.9,14.39999962,0
12/1/2071 0:00,5400,31-Dec-82,295.4,895.3,354.9,564.9,684.4,420.2,1924,0,271.7000122,2.700000048
1/1/2072 0:00,10643,31-Jan-83,521.2,1293.3,459.3,662.4,1040.1,540.2,3758,0,352.1000061,42.59999847
2/1/2072 0:00,18313,28-Feb-83,795,1661.4,545.3,927.4,1625.9,969.1,5102,0,678.9000244,0
3/1/2072 0:00,16614,31-Mar-83,1232.4,2103.4,598.3,1339.2,2408.1,1399.9,5449,0,868.5,160
4/1/2072 0:00,6627,30-Apr-83,359,1104.2,280.7,571.6,930.5,342.9,2437,0,188.6999969,205.8999939
5/1/2072 0:00,4868,31-May-83,371.9,1473.4,249.9,744.3,1023.3,241.8,599,0,0,178.8000031
6/1/2072 0:00,2887,30-Jun-83,117.1,619.1,180.3,771.3,653.9,88.1,107,815.5,16.20000076,154.6000061
7/1/2072 0:00,1970,31-Jul-83,30.1,139.2,109.6,478.3,305.2,47.9,0,691.1,8.399999619,72.40000153
8/1/2072 0:00,1786,31-Aug-83,11.7,39.9,72.9,240.6,221.6,37.8,0,739.3,0,35.29999924
9/1/2072 0:00,1756,30-Sep-83,9.4,20.4,59.4,176,198.9,37,23,0,24.5,60.40000153
10/1/2072 0:00,2069,31-Oct-83,11.5,19.9,71.8,175.2,204.1,41.7,538,0,33.90000153,20.10000038
11/1/2072 0:00,4961,30-Nov-83,198.1,1006,321.9,587.5,765.9,239,1981,0,57.29999924,25.20000076
12/1/2072 0:00,11093,31-Dec-83,712.3,1797.4,744.7,1185.3,1818.5,826.7,5049,0,482.3999939,37.40000153
1/1/2073 0:00,6768,31-Jan-84,182.7,551.6,293.2,422.8,621.3,205,931,0,81.90000153,160.1000061
2/1/2073 0:00,3404,29-Feb-84,94.7,378.3,214.9,365.4,485.4,176.2,82,911.6,12.5,44.5
3/1/2073 0:00,3097,31-Mar-84,97.5,486.8,195.1,436.6,692.8,254.8,19,0,0,71.5
4/1/2073 0:00,2421,30-Apr-84,61.2,280.7,176.7,359.7,475.8,122.3,30,1488.2,22.10000038,137.8999939
5/1/2073 0:00,2587,31-May-84,27.8,199.6,157.9,470.2,381.8,60.7,28,477.9,32.40000153,0
6/1/2073 0:00,2548,30-Jun-84,13.2,69.5,87.8,375.6,265.8,46.8,12,651.2,16.60000038,0
7/1/2073 0:00,2065,31-Jul-84,4,15.2,49.9,217.6,179.1,32.5,0,1222.6,0,0
8/1/2073 0:00,2029,31-Aug-84,1.9,4.6,47.2,155.9,150.6,32.6,0,832.8,10.30000019,41.90000153
9/1/2073 0:00,1933,30-Sep-84,2,3.4,47.9,142,141.1,33,23,0,1.700000048,25.29999924
10/1/2073 0:00,1664,31-Oct-84,5.9,16.2,60.2,146.8,156.5,33.8,7,4.4,10.89999962,4.300000191
11/1/2073 0:00,4968,30-Nov-84,184.1,679.8,175.6,320.5,422.5,140.4,11,1184.6,32.5,49.29999924
12/1/2073 0:00,3613,31-Dec-84,92.9,330.8,129.7,206.5,238.2,81.2,632,804,106.8000031,66.5
1/1/2074 0:00,2067,31-Jan-85,32.9,163.9,102,147.1,164.8,48.2,10,674.1,23,33.29999924
2/1/2074 0:00,2368,28-Feb-85,78.2,272.1,133.8,227.6,257.8,137.6,28,863.1,0,32.29999924
3/1/2074 0:00,2056,31-Mar-85,58,211.1,101.8,227.9,235.3,92,25,760,9.300000191,23
4/1/2074 0:00,1863,30-Apr-85,90.1,448.9,161.3,328.4,342.9,78.8,30,1484,6.199999809,62.59999847
5/1/2074 0:00,1594,31-May-85,23.8,115.4,81.1,241.7,172.9,31.8,17,517.5,19.60000038,0
6/1/2074 0:00,1417,30-Jun-85,9.2,35.8,38,162.5,117.4,24.1,12,670.6,0,0
7/1/2074 0:00,1377,31-Jul-85,1.6,6.2,26.3,115,98.5,20.9,0,1073.3,0,20.60000038
8/1/2074 0:00,1241,31-Aug-85,1,2.3,30.6,101,91.3,20.7,0,1169.1,0,0
9/1/2074 0:00,1271,30-Sep-85,4.9,6,42,124.5,115.6,28.1,12,857.1,0,0
10/1/2074 0:00,1409,31-Oct-85,5.4,12.4,47.4,115.7,115.7,27.5,4,0,0,0
11/1/2074 0:00,2045,30-Nov-85,14.8,35.1,101.1,184.5,182.5,58.1,11,814.9,0,0
12/1/2074 0:00,2045,31-Dec-85,51.7,164,117.1,186.4,242.7,80.4,10,1104.8,29.20000076,15.5
1/1/2075 0:00,3440,31-Jan-86,159.3,528.8,270.5,390.2,514.6,194.7,67,1994.3,27.60000038,0
2/1/2075 0:00,20233,28-Feb-86,1159.6,3597.2,1059.3,1801.5,2930.9,1471.7,7908,0,230.6999969,161.6000061
3/1/2075 0:00,7580,31-Mar-86,434.9,1287.4,377,843.7,1297.7,573.6,1724,0,227.8999939,476.6000061
4/1/2075 0:00,3263,30-Apr-86,105.1,379.1,186.6,379.8,408.6,114.3,30,1918.9,65.5,60.5
5/1/2075 0:00,2852,31-May-86,44.4,175,137.7,410.1,323.3,84.8,28,799.5,0,0
6/1/2075 0:00,1833,30-Jun-86,17.1,56,77.5,331.4,193,40.8,12,1187.7,0,0
7/1/2075 0:00,1503,31-Jul-86,6.1,12,44.5,194.1,147.5,30.3,0,1429.1,0,0
8/1/2075 0:00,1376,31-Aug-86,2.2,3.6,37.7,124.6,128.3,26,0,1263.8,0,0
9/1/2075 0:00,1649,30-Sep-86,4.5,26.3,47.3,140.2,151,35.5,23,795.2,0,15.89999962
10/1/2075 0:00,1515,31-Oct-86,5.4,23.5,52,126.8,131.5,30.1,0,0,0,10.10000038
11/1/2075 0:00,1266,30-Nov-86,6.4,20.8,66.3,120.9,130,43.8,11,330.5,0,0
12/1/2075 0:00,1233,31-Dec-86,7.8,34.1,75.1,119.5,133.6,57.2,10,448.3,0,15.19999981
1/1/2076 0:00,2018,31-Jan-87,15.7,116.5,126.4,182.3,189.2,78.9,10,366.3,0,38.09999847
2/1/2076 0:00,2691,28-Feb-87,64.9,435.1,185.7,315.7,361.9,147,28,760.5,48,81
3/1/2076 0:00,4107,31-Mar-87,131.4,635.5,261,584.1,785.5,266.6,25,0,139.3999939,72.90000153
4/1/2076 0:00,2294,30-Apr-87,43.9,289.5,138.6,282.2,265.2,79.1,30,1659.1,0,47.29999924
5/1/2076 0:00,1629,31-May-87,14.9,107.4,95.7,284.9,146.1,24.2,17,983.5,0,0
6/1/2076 0:00,1380,30-Jun-87,5.2,20.7,30.9,132.4,103.5,15.1,12,1191,0,0
7/1/2076 0:00,1197,31-Jul-87,0.9,4.2,23,100.4,89.4,14.6,0,1254.6,0,38.5
8/1/2076 0:00,1240,31-Aug-87,0.1,1.5,26.3,87,81.8,13.7,0,1384.7,0,16.70000076
9/1/2076 0:00,1173,30-Sep-87,0.3,0.6,28.4,84.3,83,14.3,12,705.4,0,7.199999809
10/1/2076 0:00,1081,31-Oct-87,1.4,3.2,36.2,88.3,89.2,20.4,0,0,0,0
11/1/2076 0:00,1222,30-Nov-87,8.5,23.1,54.3,99,99.7,33.6,11,879.5,0,0
12/1/2076 0:00,2451,31-Dec-87,202.3,768.8,204,324.7,318.7,136.4,10,1359.7,66.09999847,0
1/1/2077 0:00,6549,31-Jan-88,207.8,514.5,243.1,350.6,388.3,161.8,909,0,224.8000031,30.5
2/1/2077 0:00,2765,29-Feb-88,82.3,398.4,105.5,179.4,179.6,73,28,749.9,12.30000019,39.09999847
3/1/2077 0:00,1548,31-Mar-88,55.6,240.1,93.8,210,195.7,66.4,26,54.2,5.699999809,0
4/1/2077 0:00,1519,30-Apr-88,83.6,167.7,118.8,241.9,190.1,56.7,30,2725.9,0,22.89999962
5/1/2077 0:00,1619,31-May-88,60.8,117.4,78,232.4,145.5,24.1,17,919.6,19,0
6/1/2077 0:00,1307,30-Jun-88,26.2,64.2,46.3,198.1,114.6,16.7,0,924.5,0,0
7/1/2077 0:00,1165,31-Jul-88,5.2,9.2,25.7,112.3,85.1,13.9,0,730.3,0,22.79999924
8/1/2077 0:00,1459,31-Aug-88,1.3,1.9,27.1,89.4,77.8,13.1,0,1033.3,20,0.400000006
9/1/2077 0:00,1119,30-Sep-88,0.6,0.6,28.2,83.6,75.8,13.1,12,666.4,0,0
10/1/2077 0:00,879.9,31-Oct-88,1.6,2.3,34.5,84.1,76.8,17.6,0,0,0,0
11/1/2077 0:00,1861,30-Nov-88,40.1,252.7,94.7,172.8,181.4,61.1,11,18.1,0.899999976,0
12/1/2077 0:00,2067,31-Dec-88,19.5,107.1,85.9,136.7,121.2,51.9,10,630.6,13,23.20000076
1/1/2078 0:00,1818,31-Jan-89,35.2,221.4,126.8,182.9,166.9,69.6,10,610.2,20.5,53
2/1/2078 0:00,1816,28-Feb-89,23.8,217.9,100.4,170.7,168.4,68.4,28,873.9,0,26.20000076
3/1/2078 0:00,5722,31-Mar-89,256.3,1139.2,437.1,978.2,1295,439.5,25,0,156.6000061,99.80000305
4/1/2078 0:00,2603,30-Apr-89,71.9,454.6,218.7,445.3,487.2,145.3,18,2244.4,14.30000019,152.8000031
5/1/2078 0:00,1891,31-May-89,25.4,129.8,99.4,295.9,189.9,31.4,28,536.9,0,0
6/1/2078 0:00,1148,30-Jun-89,9.3,44,59,252.2,128.7,18.7,0,953.2,0,42.90000153
7/1/2078 0:00,992.4,31-Jul-89,1.9,10.8,29.8,130.1,95.8,15.6,0,1465.2,0,26.10000038
8/1/2078 0:00,1083,31-Aug-89,0.3,2.3,31.4,103.8,87.7,14.7,0,862.9,0,11.69999981
9/1/2078 0:00,1477,30-Sep-89,9.2,10.4,37.9,112.3,106.7,18.4,12,797,13,40.79999924
10/1/2078 0:00,1894,31-Oct-89,21.6,61.3,68.2,166.5,171.9,39.3,12,0,21.20000076,42
11/1/2078 0:00,1480,30-Nov-89,9.4,30.3,70.2,128.1,131.9,44.4,11,18.1,0,11.19999981
12/1/2078 0:00,1029,31-Dec-89,7.6,30.5,71.1,113.2,117,50.1,10,357.4,3,19
1/1/2079 0:00,2185,31-Jan-90,50.4,247.4,171.3,247.1,268.3,111.8,10,437.8,50.90000153,47.29999924
2/1/2079 0:00,2206,28-Feb-90,26.8,132.2,107.4,182.7,219,89,28,589.4,14.80000019,35.09999847
3/1/2079 0:00,1707,31-Mar-90,34.7,264.6,114.2,255.6,294.1,99.8,16,74.6,15.60000038,42.59999847
4/1/2079 0:00,1516,30-Apr-90,14.8,92,102.3,208.2,165.6,49.4,0,2459.8,0,86.90000153
5/1/2079 0:00,1525,31-May-90,41.4,175.2,74,220.4,143.2,23.7,0,384.8,0,0
6/1/2079 0:00,1222,30-Jun-90,17.8,148.3,47.2,201.9,137.3,20,0,701.8,0,37
7/1/2079 0:00,963.5,31-Jul-90,1.6,14.1,24.2,105.8,79.4,13,0,709.9,0,0.699999988
8/1/2079 0:00,906.9,31-Aug-90,0.2,2.4,27.6,91,75.4,12.7,0,969.7,0,20.79999924
9/1/2079 0:00,979.5,30-Sep-90,0.3,1.7,31.6,93.6,78.7,13.6,0,618.2,0,36.90000153
10/1/2079 0:00,764.1,31-Oct-90,0.8,1.7,33.9,82.7,77.6,17.7,2,0,0,29.5
11/1/2079 0:00,907.7,30-Nov-90,2.8,5.4,49.9,91.1,87.3,29.4,11,19.2,0,14.39999962
12/1/2079 0:00,883.5,31-Dec-90,3.9,9.1,56.7,90.2,87,37.2,10,95.1,0,49.09999847
1/1/2080 0:00,1034,31-Jan-91,5.1,31.6,66.4,95.7,90.9,37.9,10,63.9,0,42.09999847
2/1/2080 0:00,1629,28-Feb-91,11.8,79,69.9,118.9,111.2,45.2,28,472.1,0,17.89999962
3/1/2080 0:00,2997,31-Mar-91,228.4,458.8,200.9,449.7,610.1,207.1,25,0,234.8999939,81.80000305
4/1/2080 0:00,2127,30-Apr-91,110,406.1,126,256.5,339.5,101.3,0,1384.4,10.60000038,129.3000031
5/1/2080 0:00,1488,31-May-91,57.5,215.6,77.9,232,195.3,32.3,17,372.2,0,0
6/1/2080 0:00,1202,30-Jun-91,13.1,50.8,43.4,185.7,110.7,16.1,0,546.5,0,40.70000076
7/1/2080 0:00,1989,31-Jul-91,3.3,12,24.3,106.1,81.4,13.3,0,478,0,30.60000038
8/1/2080 0:00,629.4,31-Aug-91,0.4,1.1,24.3,80.2,65.8,11.1,0,265,0,57.29999924
9/1/2080 0:00,727,30-Sep-91,0.1,0.3,24.6,72.9,63.5,11,0,92.6,0,53.59999847
10/1/2080 0:00,598.2,31-Oct-91,0.7,5.4,34.2,83.4,73.2,16.7,0,0,0,26.5
11/1/2080 0:00,680.3,30-Nov-91,4.6,32.2,56.8,103.7,80.7,27.2,11,14.1,0,0
12/1/2080 0:00,1190,31-Dec-91,16.3,34.1,73.5,117,100.6,43.1,10,111.4,7.300000191,0
1/1/2081 0:00,1321,31-Jan-92,40.1,87.8,95.8,138.2,156.5,65.2,10,427.3,27.5,45.90000153
2/1/2081 0:00,3263,29-Feb-92,333.8,573.1,275.1,467.9,629,255.6,28,0,222.6000061,57.09999847
3/1/2081 0:00,2643,31-Mar-92,329.1,586.1,124.2,278,384.3,130.4,25,1674,108.8000031,105.8000031
4/1/2081 0:00,1437,30-Apr-92,141.7,466.2,137.7,280.4,284.8,85,18,1885.9,0.600000024,83.90000153
5/1/2081 0:00,978.5,31-May-92,38.4,117.9,66.5,198.2,132.8,22,28,419.8,0,0
6/1/2081 0:00,1995,30-Jun-92,15.5,37,25.3,108.3,103,15,12,486.4,0,0
7/1/2081 0:00,613.7,31-Jul-92,9,26.1,19.4,84.5,87.7,14.3,0,451.5,0,0
8/1/2081 0:00,624.3,31-Aug-92,1,1.7,19.5,64.4,73.3,12.3,0,259.9,0,4.900000095
9/1/2081 0:00,523.2,30-Sep-92,0.7,0.3,22.3,66.2,68.1,11.8,12,483.9,0,66.09999847
10/1/2081 0:00,682.1,31-Oct-92,3.9,13.1,33.3,81.2,77.1,17.6,14,0,0,0
11/1/2081 0:00,532.5,30-Nov-92,6.4,48.5,52.1,95.1,89.6,30.2,46,18.6,0,0
12/1/2081 0:00,1858,31-Dec-92,93.6,250.9,121.4,193.3,224.5,96.1,298,861.4,23,0
1/1/2082 0:00,9540,31-Jan-93,389,827.7,493.5,711.8,968.5,403.7,3452,0,698.5999756,0
2/1/2082 0:00,9231,28-Feb-93,428.6,921,348.8,593.2,782.6,318,3352,0,472.7000122,129.1999969
3/1/2082 0:00,4800,31-Mar-93,316.5,1548.6,297.2,665.2,967.4,328.4,404,0,227.6999969,0
4/1/2082 0:00,2810,30-Apr-93,153.1,670.7,253.7,516.6,776.9,231.8,18,2647.4,37.59999847,233.6000061
5/1/2082 0:00,2479,31-May-93,140.1,548,203.3,605.5,489.5,81,28,722.6,0,33.09999847
6/1/2082 0:00,2077,30-Jun-93,122.5,353.6,131,560.4,330.3,48.1,0,672.3,72.09999847,81.40000153
7/1/2082 0:00,963.1,31-Jul-93,24.1,50.7,63.4,276.8,132,21.5,11,672.8,4.199999809,17.29999924
8/1/2082 0:00,831.6,31-Aug-93,9.4,15.1,47.5,156.9,105.7,17.8,12,472,33.09999847,71.90000153
9/1/2082 0:00,787.5,30-Sep-93,5.4,5.9,38.5,114.1,100.1,17.3,23,0,0,73.5
10/1/2082 0:00,864.4,31-Oct-93,8.1,9.7,48.9,119.2,110.8,25.3,128,0,7.400000095,41.5
11/1/2082 0:00,879.1,30-Nov-93,7.9,10.3,62.2,113.6,113.6,38.2,188,18.1,0,0
12/1/2082 0:00,1355,31-Dec-93,16.5,66.2,138.4,220.3,192.6,82.4,12,244.3,10.19999981,55.29999924
1/1/2083 0:00,1719,31-Jan-94,28.8,110.9,117.1,168.8,159.9,66.7,11,545.3,10.80000019,42.70000076
2/1/2083 0:00,2804,28-Feb-94,84.2,142.8,165.8,282,294.3,119.6,28,1329.5,149.8000031,37.29999924
3/1/2083 0:00,1513,31-Mar-94,51.1,300.1,109.4,244.7,252.5,85.7,11,92.1,0,72.19999695
4/1/2083 0:00,1434,30-Apr-94,28.1,134.3,104.6,213,164.4,49,30,2421.6,0,63.90000153
5/1/2083 0:00,1188,31-May-94,27.8,116.5,82,244.1,154.1,25.5,17,571.1,0,2.799999952
6/1/2083 0:00,1004,30-Jun-94,6,24.8,33.5,143.3,89.7,13.1,12,693.7,0,0
7/1/2083 0:00,846.1,31-Jul-94,0.5,3.1,20.3,88.5,70.4,11.5,0,1226.7,0,16.60000038
8/1/2083 0:00,727.1,31-Aug-94,0,0.1,22,72.6,65,10.9,0,1010.8,30.29999924,40.59999847
9/1/2083 0:00,710,30-Sep-94,0.2,0,24.9,73.8,67.2,11.6,12,1196.9,14.89999962,94.80000305
10/1/2083 0:00,618.8,31-Oct-94,1,1.5,35.2,85.8,78,17.8,0,0,17.10000038,0
11/1/2083 0:00,1312,30-Nov-94,8,25.7,59.2,108,105.2,35.4,11,326.9,11,0
12/1/2083 0:00,1985,31-Dec-94,19.1,72.7,168.4,268,225.5,96.5,10,915.6,67,0
1/1/2084 0:00,22274,31-Jan-95,1274.4,2278.9,934.1,1347.3,2333.1,972.5,7659,0,506.8999939,265
2/1/2084 0:00,7261,28-Feb-95,386.6,1292.7,295.5,502.6,774.8,314.8,1492,0,188.1999969,280
3/1/2084 0:00,16043,31-Mar-95,941.2,2194.9,565.7,1266,2363.8,802.3,5847,0,0,551.2999878
4/1/2084 0:00,6507,30-Apr-95,264.1,993.2,339.5,691.2,1270.6,379,18,1940,0,59.70000076
5/1/2084 0:00,5211,31-May-95,214.6,803,294.1,876,1373.8,227.4,470,0,66.30000305,228.1000061
6/1/2084 0:00,2996,30-Jun-95,68.2,294.9,156.2,668.1,513.4,74.7,0,1334.3,0,148.6000061
7/1/2084 0:00,1672,31-Jul-95,21.7,60.9,102.1,445.3,260.7,42.5,11,1392.5,4.900000095,26.5
8/1/2084 0:00,1246,31-Aug-95,7.7,17.6,64.6,213.3,174.1,29.3,0,1390.6,0,80.40000153
9/1/2084 0:00,1287,30-Sep-95,4.9,8.4,49.4,146.5,140.7,24.3,23,826.4,0,65
10/1/2084 0:00,1088,31-Oct-95,4.8,6.5,53.7,131,133.3,30.5,132,0,9.399999619,0
11/1/2084 0:00,931.6,30-Nov-95,6.7,9.3,71.3,130.1,135.3,45.6,154,20.1,0,0
12/1/2084 0:00,2806,31-Dec-95,113,501.4,225.5,359,394.9,169,529,808.7,68,0
1/1/2085 0:00,8048,31-Jan-96,227.8,831.9,308.7,445.3,574.7,239.6,1976,0,161.8999939,0
2/1/2085 0:00,9679,29-Feb-96,480,1673.4,540.8,919.8,1405.6,571.2,3309,0,199.3000031,327.6000061
3/1/2085 0:00,4626,31-Mar-96,332.4,1132,215.4,482.2,799.9,271.5,1075,0,234.3000031,0
4/1/2085 0:00,2902,30-Apr-96,132.5,638.9,252.9,514.9,729.5,217.6,18,2603.1,36.59999847,87.09999847
5/1/2085 0:00,3554,31-May-96,79.7,702.6,221,658.3,739.3,122.4,77,352,0,31.29999924
6/1/2085 0:00,2633,30-Jun-96,27.3,168.6,84.4,360.9,282.8,41.2,12,1203.4,0,122.0999985
7/1/2085 0:00,1483,31-Jul-96,8.2,33.2,44,192.1,173.8,28.3,11,1460.4,0,97.40000153
8/1/2085 0:00,1287,31-Aug-96,2.1,6.9,41,135.4,135.9,22.8,12,1860.1,0,72.40000153
9/1/2085 0:00,1372,30-Sep-96,2.2,4.5,40.1,118.6,127.3,22,23,1078,4.300000191,70.69999695
10/1/2085 0:00,1360,31-Oct-96,6.5,30.6,46.2,112.6,136.2,31.1,14,0,0,0
11/1/2085 0:00,1221,30-Nov-96,34,142.1,102.3,186.6,197,66.3,244,18.1,0,0
12/1/2085 0:00,8386,31-Dec-96,418.3,749.9,721,1147.7,1633.4,699,2244,0,0,0
1/1/2086 0:00,16357,31-Jan-97,637.8,1178.5,1160.7,1674.1,2669,1112.6,4704,0,116.0999985,633.7000122
2/1/2086 0:00,4812,28-Feb-97,179.2,330,220.2,374.5,628.6,255.4,201,436.4,122.3000031,130.6000061
3/1/2086 0:00,2248,31-Mar-97,86.8,197.8,145.6,325.9,422,143.2,14,227.8,0,0.800000012
4/1/2086 0:00,1918,30-Apr-97,46.8,135.7,179.5,365.5,362,108,30,3044.4,0,62.70000076
5/1/2086 0:00,1743,31-May-97,22.8,56.4,120.3,358.4,245.2,40.6,17,1211.6,0,0
6/1/2086 0:00,1412,30-Jun-97,10.5,20.7,59.4,254.1,177.6,25.8,0,2166.5,0,19.20000076
7/1/2086 0:00,1394,31-Jul-97,3.3,5.4,36.8,160.4,132.5,21.6,0,2336.3,2.400000095,0
8/1/2086 0:00,1241,31-Aug-97,1.3,1.5,40.4,133.5,112.8,19,0,2256.9,0,54.40000153
9/1/2086 0:00,1289,30-Sep-97,1.7,2.5,43.3,128.3,115.2,19.9,23,882.5,6.699999809,12.19999981
10/1/2086 0:00,1248,31-Oct-97,4.8,22.3,54.1,132,131.4,30,4,0,19.29999924,0
11/1/2086 0:00,2019,30-Nov-97,56,234.1,113.9,208,229.9,77.4,11,549.5,1.5,0
12/1/2086 0:00,2746,31-Dec-97,108.3,194.2,165.6,263.7,301.9,129.2,10,1044,116.1999969,205.8000031
1/1/2087 0:00,12253,31-Jan-98,500.8,925.2,671.2,968.1,1269.7,529.2,2860,0,306.3999939,232.5
2/1/2087 0:00,21027,28-Feb-98,1329.4,2448.2,667,1134.3,2136.4,868.1,10065,0,326.7999878,613.9000244
3/1/2087 0:00,10278,31-Mar-98,552,1257.4,291.8,653.1,996,338,1966,0,151.1999969,157.6000061
4/1/2087 0:00,4452,30-Apr-98,362.3,1050.9,291.1,592.6,806.9,240.7,464,0,206.3000031,37.5
5/1/2087 0:00,6962,31-May-98,491.7,1216.9,264.6,788.1,1048.5,173.6,1281,0,99.69999695,0
6/1/2087 0:00,4414,30-Jun-98,278.3,549.7,195.9,838.2,780.5,113.6,787,0,125.5999985,281.2999878
7/1/2087 0:00,2453,31-Jul-98,52.6,86.6,123.9,540.6,295.7,48.2,0,1676.5,0,73.69999695
8/1/2087 0:00,1902,31-Aug-98,18.6,20.5,72.7,240.2,199,33.4,0,2230.7,0,37.09999847
9/1/2087 0:00,1771,30-Sep-98,10.4,15.1,58.3,172.7,170,29.4,23,409.2,0,112
10/1/2087 0:00,1774,31-Oct-98,10.1,47.5,64.3,156.9,157.6,36,432,0,0,45.09999847
11/1/2087 0:00,2792,30-Nov-98,53.6,224.1,184.4,336.6,385,129.6,412,18.1,0,0
12/1/2087 0:00,3037,31-Dec-98,53.5,95.9,228.9,364.4,457.4,195.8,368,0,134.1000061,38.29999924
1/1/2088 0:00,3205,31-Jan-99,49.5,91.5,232.5,335.3,437,182.2,161,463.9,19.39999962,0
2/1/2088 0:00,7923,28-Feb-99,237,436.5,425.1,722.8,1193.8,485.1,1377,0,611.0999756,125.1999969
3/1/2088 0:00,5631,31-Mar-99,287.6,655.3,236.4,529.1,874.3,296.8,591,0,208.8999939,159.6000061
4/1/2088 0:00,3331,30-Apr-99,264.9,768.5,218.7,445.3,630.7,188.2,295,2247.7,78.80000305,50.5
5/1/2088 0:00,2839,31-May-99,102.5,253.6,163.9,488.2,432.2,71.5,28,510.5,60.59999847,0
6/1/2088 0:00,2001,30-Jun-99,31.3,61.9,94.2,402.8,218.1,31.7,12,1974.4,17,0.400000006
7/1/2088 0:00,1706,31-Jul-99,9.5,15.6,47.9,209.1,150.9,24.6,11,1717.8,3.599999905,0
8/1/2088 0:00,1664,31-Aug-99,5.4,5.9,44.3,146.3,142.6,24,12,2246.5,10.80000019,0
9/1/2088 0:00,1649,30-Sep-99,2.6,3.8,43.1,127.7,136.1,23.5,23,1250.9,0,35.29999924
10/1/2088 0:00,1414,31-Oct-99,3.9,18.2,57,139.2,133,30.4,14,0,0,0
11/1/2088 0:00,1839,30-Nov-99,18.6,77.8,102.8,187.6,180.7,60.8,206,18.1,10.69999981,0
12/1/2088 0:00,1720,31-Dec-99,17.3,31,100.4,159.8,147.7,63.2,27,730.8,42.20000076,0
1/1/2089 0:00,3206,31-Jan-00,89.7,165.8,243.9,351.8,406.6,169.5,180,607.4,25.39999962,0
2/1/2089 0:00,10653,29-Feb-00,517.3,952.7,514,874.2,1273.5,517.5,1830,0,80.30000305,340.7999878
3/1/2089 0:00,4997,31-Mar-00,296.8,676.1,246.1,550.9,718.4,243.8,119,0,191.1999969,442.6000061
4/1/2089 0:00,2839,30-Apr-00,297.4,862.6,212.8,433.2,443.4,132.3,30,2138.4,0,31.5
5/1/2089 0:00,2862,31-May-00,96.7,239.3,134.8,401.4,273.7,45.3,18,876.3,39.29999924,0
6/1/2089 0:00,1959,30-Jun-00,29.9,59,69.9,298.9,173.1,25.2,12,970.4,16.79999924,0
7/1/2089 0:00,1588,31-Jul-00,12.7,20.9,38.3,167,138.4,22.6,11,1411.3,0,0
8/1/2089 0:00,1609,31-Aug-00,5.5,6.1,37.7,124.4,111.7,18.8,12,1526.7,15.30000019,20.70000076
9/1/2089 0:00,1473,30-Sep-00,5.7,8.2,40.3,119.4,111.4,19.3,23,510.8,0,54.20000076
10/1/2089 0:00,1740,31-Oct-00,7.7,35.9,51.5,125.7,125.9,28.8,14,0,0,0
11/1/2089 0:00,1467,30-Nov-00,10.1,42.4,71.4,130.4,126,42.4,113,18.6,0,0
12/1/2089 0:00,1470,31-Dec-00,11.6,20.8,81.9,130.3,133.9,57.3,16,574.6,0,0
1/1/2090 0:00,2296,31-Jan-01,60.1,111.1,126.3,182.1,190.6,79.5,10,769.6,59.59999847,31.60000038
2/1/2090 0:00,3048,28-Feb-01,177.9,327.6,199.6,339.5,430.9,175.1,101,1579.4,140.3000031,35.90000153
3/1/2090 0:00,3138,31-Mar-01,384.4,875.7,154.6,346.1,424.4,144.1,500,0,108.1999969,115.3000031
4/1/2090 0:00,2243,30-Apr-01,90.3,262,125.8,256.1,273,81.5,30,2197.6,0,53.40000153
5/1/2090 0:00,1886,31-May-01,39.2,97.1,91.5,272.7,166.5,27.6,28,1177.3,0,0
6/1/2090 0:00,1392,30-Jun-01,10.5,20.7,32.9,140.5,109.8,16,12,2197.6,0,0
7/1/2090 0:00,1422,31-Jul-01,4.2,7,25,108.9,94.7,15.4,0,2686.5,0,10.39999962
8/1/2090 0:00,1508,31-Aug-01,1,1.1,27.8,91.9,81.5,13.7,0,2121.8,0,0
9/1/2090 0:00,1398,30-Sep-01,0.8,1.2,31.8,94.3,86,14.9,23,1510.3,35.79999924,33.29999924
10/1/2090 0:00,1220,31-Oct-01,2,9.4,41.9,102.1,94,21.5,2,0,0,0
11/1/2090 0:00,2376,30-Nov-01,52.3,218.7,105.4,192.3,196.1,66,11,18.1,0,0
12/1/2090 0:00,6863,31-Dec-01,306.2,549,268.4,427.3,515.3,220.5,1476,0,100.4000015,16.70000076
1/1/2091 0:00,6405,31-Jan-02,438.6,810.4,297.9,429.6,543.5,226.5,2366,0,182.8999939,318.2000122
2/1/2091 0:00,3613,28-Feb-02,105.1,193.5,150.9,256.5,303.7,123.4,28,1318.8,3.700000048,0
3/1/2091 0:00,2190,31-Mar-02,86.1,196.1,158.9,355.6,429.6,145.8,11,340,23.5,47.59999847
4/1/2091 0:00,1949,30-Apr-02,77.4,224.6,203.7,414.8,424.3,126.6,30,2416.4,0,101.9000015
5/1/2091 0:00,1774,31-May-02,34.3,84.9,110,327.7,208.8,34.6,28,1039.7,0,0
6/1/2091 0:00,1364,30-Jun-02,12.3,24.3,59.3,253.8,128.2,18.7,12,1525.2,0,0
7/1/2091 0:00,1414,31-Jul-02,4,6.5,30.5,132.9,93,15.2,0,1553.3,0,54.29999924
8/1/2091 0:00,1379,31-Aug-02,1.1,1.2,32.1,106,87.1,14.6,0,2500.7,0,85.19999695
9/1/2091 0:00,1311,30-Sep-02,0.5,0.7,31.3,92.6,88.1,15.2,12,1657.1,0,70.30000305
10/1/2091 0:00,1160,31-Oct-02,1.6,7.7,38.1,92.9,92.7,21.2,0,0,0,21.5
11/1/2091 0:00,1406,30-Nov-02,10.2,42.8,74.4,135.8,138.4,46.6,11,18.1,0,0
12/1/2091 0:00,9405,31-Dec-02,592.8,1062.6,483.1,768.9,1066.5,456.4,1233,0,79.69999695,26.60000038
1/1/2092 0:00,10453,31-Jan-03,399.2,737.7,475.2,685.4,848.4,353.7,2348,0,298.8999939,238.8999939
2/1/2092 0:00,3569,28-Feb-03,118.6,218.5,229.2,389.7,446.6,181.5,28,1200.9,78,82.30000305
3/1/2092 0:00,3586,31-Mar-03,173.8,395.9,237.2,530.9,743.7,252.4,25,1063.3,84.40000153,12
4/1/2092 0:00,3898,30-Apr-03,178.1,516.6,337.6,687.2,894.9,267,54,0,0,0
5/1/2092 0:00,4252,31-May-03,215,532.2,232.5,692.5,826.3,136.8,405,0,129,252.8999939
6/1/2092 0:00,2153,30-Jun-03,42.4,83.7,118.5,507,257.5,37.5,12,1069.5,51,0
7/1/2092 0:00,1605,31-Jul-03,13.6,22.4,54,235.6,167.2,27.3,11,691.9,0,0
8/1/2092 0:00,1382,31-Aug-03,7.1,7.8,46.3,152.8,132,22.2,12,1099.7,0,17.70000076
9/1/2092 0:00,1547,30-Sep-03,3,4.4,42.4,125.5,113.8,19.7,23,801.9,0,15.19999981
10/1/2092 0:00,1359,,,,,,,,,,,
11/1/2092 0:00,1758,,,,,,,,,,,
12/1/2092 0:00,5855,,,,,,,,,,,
1/1/2093 0:00,5768,,,,,,,,,,,
2/1/2093 0:00,11895,,,,,,,,,,,
3/1/2093 0:00,4382,,,,,,,,,,,
4/1/2093 0:00,2284,,,,,,,,,,,
5/1/2093 0:00,1915,,,,,,,,,,,
6/1/2093 0:00,1799,,,,,,,,,,,
7/1/2093 0:00,1554,,,,,,,,,,,
8/1/2093 0:00,1523,,,,,,,,,,,
9/1/2093 0:00,1450,,,,,,,,,,,
10/1/2093 0:00,1673,,,,,,,,,,,
11/1/2093 0:00,1401,,,,,,,,,,,
12/1/2093 0:00,3660,,,,,,,,,,,
1/1/2094 0:00,5277,,,,,,,,,,,
2/1/2094 0:00,4021,,,,,,,,,,,
3/1/2094 0:00,3596,,,,,,,,,,,
4/1/2094 0:00,2340,,,,,,,,,,,
5/1/2094 0:00,4423,,,,,,,,,,,
6/1/2094 0:00,3318,,,,,,,,,,,
7/1/2094 0:00,1698,,,,,,,,,,,
8/1/2094 0:00,1434,,,,,,,,,,,
9/1/2094 0:00,1522,,,,,,,,,,,
10/1/2094 0:00,1292,,,,,,,,,,,
11/1/2094 0:00,1829,,,,,,,,,,,
12/1/2094 0:00,10581,,,,,,,,,,,
1/1/2095 0:00,9822,,,,,,,,,,,
2/1/2095 0:00,6593,,,,,,,,,,,
3/1/2095 0:00,7529,,,,,,,,,,,
4/1/2095 0:00,7369,,,,,,,,,,,
5/1/2095 0:00,5387,,,,,,,,,,,
6/1/2095 0:00,2912,,,,,,,,,,,
7/1/2095 0:00,1853,,,,,,,,,,,
8/1/2095 0:00,1742,,,,,,,,,,,
9/1/2095 0:00,1676,,,,,,,,,,,
10/1/2095 0:00,1613,,,,,,,,,,,
11/1/2095 0:00,1571,,,,,,,,,,,
12/1/2095 0:00,2708,,,,,,,,,,,
1/1/2096 0:00,2153,,,,,,,,,,,
2/1/2096 0:00,3994,,,,,,,,,,,
3/1/2096 0:00,2515,,,,,,,,,,,
4/1/2096 0:00,2066,,,,,,,,,,,
5/1/2096 0:00,2069,,,,,,,,,,,
6/1/2096 0:00,1652,,,,,,,,,,,
7/1/2096 0:00,1527,,,,,,,,,,,
8/1/2096 0:00,1455,,,,,,,,,,,
9/1/2096 0:00,1377,,,,,,,,,,,
10/1/2096 0:00,1144,,,,,,,,,,,
11/1/2096 0:00,1220,,,,,,,,,,,
12/1/2096 0:00,1544,,,,,,,,,,,
1/1/2097 0:00,4691,,,,,,,,,,,
2/1/2097 0:00,6224,,,,,,,,,,,
3/1/2097 0:00,2591,,,,,,,,,,,
4/1/2097 0:00,1741,,,,,,,,,,,
5/1/2097 0:00,1468,,,,,,,,,,,
6/1/2097 0:00,1166,,,,,,,,,,,
7/1/2097 0:00,1348,,,,,,,,,,,
8/1/2097 0:00,1143,,,,,,,,,,,
9/1/2097 0:00,1097,,,,,,,,,,,
10/1/2097 0:00,924.7,,,,,,,,,,,
11/1/2097 0:00,1302,,,,,,,,,,,
12/1/2097 0:00,1489,,,,,,,,,,,
1/1/2098 0:00,1405,,,,,,,,,,,
2/1/2098 0:00,3881,,,,,,,,,,,
3/1/2098 0:00,3016,,,,,,,,,,,
4/1/2098 0:00,1782,,,,,,,,,,,
5/1/2098 0:00,1478,,,,,,,,,,,
6/1/2098 0:00,1223,,,,,,,,,,,
7/1/2098 0:00,973.9,,,,,,,,,,,
8/1/2098 0:00,876.4,,,,,,,,,,,
9/1/2098 0:00,883.7,,,,,,,,,,,
10/1/2098 0:00,1247,,,,,,,,,,,
11/1/2098 0:00,953.1,,,,,,,,,,,
12/1/2098 0:00,1318,,,,,,,,,,,
1/1/2099 0:00,5519,,,,,,,,,,,
2/1/2099 0:00,5704,,,,,,,,,,,
3/1/2099 0:00,3207,,,,,,,,,,,
4/1/2099 0:00,3001,,,,,,,,,,,
5/1/2099 0:00,3045,,,,,,,,,,,
6/1/2099 0:00,1546,,,,,,,,,,,
7/1/2099 0:00,1078,,,,,,,,,,,
8/1/2099 0:00,967.8,,,,,,,,,,,
9/1/2099 0:00,990.4,,,,,,,,,,,
9/30/2099 0:00,988.6,,,,,,,,,,,
